commerce_event_id,member_id,event_date,event_type,product_id,net_revenue,routine_context
CE-000001,JL-0001,2025-11-18,Product View,PRD-004,0,Rest
CE-000002,JL-0001,2025-12-26,Product View,PRD-006,0,Mindful
CE-000003,JL-0001,2026-04-04,Product View,PRD-004,0,Rest
CE-000004,JL-0001,2025-10-03,Add To Cart,PRD-006,0,Mindful
CE-000005,JL-0001,2025-12-18,Product View,PRD-004,0,Rest
CE-000006,JL-0001,2026-04-05,Add To Cart,PRD-002,0,Move
CE-000007,JL-0001,2025-09-05,Purchase,PRD-004,38.16,Rest
CE-000008,JL-0001,2026-04-24,Product View,PRD-006,0,Mindful
CE-000009,JL-0001,2025-06-16,Product View,PRD-006,0,Mindful
CE-000010,JL-0001,2025-11-01,Product View,PRD-007,0,Organize
CE-000011,JL-0002,2026-04-11,Purchase,PRD-003,27.21,Nourish
CE-000012,JL-0002,2025-07-19,Add To Cart,PRD-003,0,Nourish
CE-000013,JL-0002,2026-01-06,Product View,PRD-007,0,Organize
CE-000014,JL-0002,2026-05-15,Add To Cart,PRD-005,0,Connect
CE-000015,JL-0003,2025-12-17,Product View,PRD-006,0,Mindful
CE-000016,JL-0003,2025-09-29,Purchase,PRD-006,14.56,Mindful
CE-000017,JL-0003,2025-07-04,Product View,PRD-003,0,Nourish
CE-000018,JL-0003,2026-02-10,Bundle Viewed,PRD-003,0,Nourish
CE-000019,JL-0004,2026-03-31,Purchase,PRD-008,38.89,Move
CE-000020,JL-0004,2026-04-22,Bundle Viewed,PRD-002,0,Move
CE-000021,JL-0004,2026-01-07,Product View,PRD-008,0,Move
CE-000022,JL-0004,2026-04-20,Product View,PRD-002,0,Move
CE-000023,JL-0004,2026-06-03,Purchase,PRD-008,40.12,Move
CE-000024,JL-0004,2026-03-27,Return,PRD-008,-38,Move
CE-000025,JL-0005,2025-11-27,Purchase,PRD-004,35.2,Rest
CE-000026,JL-0005,2025-08-19,Product View,PRD-006,0,Mindful
CE-000027,JL-0005,2025-10-19,Bundle Viewed,PRD-007,0,Organize
CE-000028,JL-0005,2025-09-11,Add To Cart,PRD-008,0,Move
CE-000029,JL-0005,2026-04-08,Bundle Viewed,PRD-004,0,Rest
CE-000030,JL-0005,2026-03-22,Return,PRD-005,-8,Connect
CE-000031,JL-0005,2026-02-18,Bundle Viewed,PRD-003,0,Nourish
CE-000032,JL-0005,2025-06-27,Product View,PRD-002,0,Move
CE-000033,JL-0005,2026-03-12,Product View,PRD-002,0,Move
CE-000034,JL-0005,2025-11-19,Product View,PRD-003,0,Nourish
CE-000035,JL-0005,2026-01-11,Add To Cart,PRD-001,0,Organize
CE-000036,JL-0005,2025-09-08,Product View,PRD-004,0,Rest
CE-000037,JL-0006,2026-02-21,Product View,PRD-007,0,Organize
CE-000038,JL-0006,2025-09-30,Purchase,PRD-001,17.4,Organize
CE-000039,JL-0006,2025-07-14,Product View,PRD-001,0,Organize
CE-000040,JL-0006,2025-06-15,Product View,PRD-007,0,Organize
CE-000041,JL-0007,2026-01-16,Product View,PRD-006,0,Mindful
CE-000042,JL-0007,2025-12-01,Bundle Viewed,PRD-005,0,Connect
CE-000043,JL-0007,2026-01-17,Add To Cart,PRD-001,0,Organize
CE-000044,JL-0007,2026-02-03,Add To Cart,PRD-007,0,Organize
CE-000045,JL-0007,2026-01-10,Product View,PRD-001,0,Organize
CE-000046,JL-0008,2025-07-27,Bundle Viewed,PRD-002,0,Move
CE-000047,JL-0008,2025-12-04,Purchase,PRD-006,11.46,Mindful
CE-000048,JL-0008,2025-07-05,Add To Cart,PRD-002,0,Move
CE-000049,JL-0008,2025-09-24,Add To Cart,PRD-007,0,Organize
CE-000050,JL-0008,2026-05-06,Product View,PRD-008,0,Move
CE-000051,JL-0008,2025-12-24,Add To Cart,PRD-005,0,Connect
CE-000052,JL-0008,2026-02-18,Purchase,PRD-008,34.59,Move
CE-000053,JL-0008,2025-12-02,Product View,PRD-002,0,Move
CE-000054,JL-0008,2025-09-21,Bundle Viewed,PRD-005,0,Connect
CE-000055,JL-0008,2025-11-11,Product View,PRD-002,0,Move
CE-000056,JL-0009,2026-03-16,Bundle Viewed,PRD-005,0,Connect
CE-000057,JL-0009,2025-07-10,Bundle Viewed,PRD-005,0,Connect
CE-000058,JL-0009,2026-01-15,Bundle Viewed,PRD-003,0,Nourish
CE-000059,JL-0010,2026-01-27,Add To Cart,PRD-001,0,Organize
CE-000060,JL-0010,2026-05-06,Purchase,PRD-001,22.43,Organize
CE-000061,JL-0010,2025-12-27,Add To Cart,PRD-007,0,Organize
CE-000062,JL-0010,2026-04-27,Bundle Viewed,PRD-004,0,Rest
CE-000063,JL-0010,2025-07-21,Bundle Viewed,PRD-001,0,Organize
CE-000064,JL-0011,2025-11-07,Product View,PRD-002,0,Move
CE-000065,JL-0011,2026-03-11,Bundle Viewed,PRD-006,0,Mindful
CE-000066,JL-0011,2026-03-02,Product View,PRD-003,0,Nourish
CE-000067,JL-0011,2025-07-10,Product View,PRD-002,0,Move
CE-000068,JL-0012,2025-06-30,Add To Cart,PRD-006,0,Mindful
CE-000069,JL-0012,2026-01-28,Bundle Viewed,PRD-006,0,Mindful
CE-000070,JL-0012,2025-12-01,Product View,PRD-006,0,Mindful
CE-000071,JL-0012,2025-09-12,Bundle Viewed,PRD-004,0,Rest
CE-000072,JL-0012,2026-03-23,Product View,PRD-005,0,Connect
CE-000073,JL-0012,2025-09-30,Product View,PRD-005,0,Connect
CE-000074,JL-0013,2026-01-09,Purchase,PRD-007,50.23,Organize
CE-000075,JL-0013,2026-02-25,Product View,PRD-003,0,Nourish
CE-000076,JL-0013,2025-12-23,Bundle Viewed,PRD-003,0,Nourish
CE-000077,JL-0013,2025-11-27,Bundle Viewed,PRD-004,0,Rest
CE-000078,JL-0013,2025-11-20,Add To Cart,PRD-006,0,Mindful
CE-000079,JL-0013,2025-08-29,Purchase,PRD-003,27.16,Nourish
CE-000080,JL-0013,2025-11-25,Bundle Viewed,PRD-003,0,Nourish
CE-000081,JL-0014,2026-05-07,Return,PRD-004,-34,Rest
CE-000082,JL-0014,2026-04-15,Product View,PRD-006,0,Mindful
CE-000083,JL-0014,2025-07-28,Product View,PRD-006,0,Mindful
CE-000084,JL-0014,2025-09-30,Product View,PRD-004,0,Rest
CE-000085,JL-0014,2025-09-29,Add To Cart,PRD-006,0,Mindful
CE-000086,JL-0014,2026-01-22,Purchase,PRD-006,12.02,Mindful
CE-000087,JL-0014,2026-05-03,Product View,PRD-006,0,Mindful
CE-000088,JL-0014,2025-10-07,Bundle Viewed,PRD-006,0,Mindful
CE-000089,JL-0015,2026-04-18,Bundle Viewed,PRD-004,0,Rest
CE-000090,JL-0015,2026-01-23,Product View,PRD-004,0,Rest
CE-000091,JL-0016,2025-07-08,Purchase,PRD-007,46.91,Organize
CE-000092,JL-0016,2026-01-20,Purchase,PRD-004,40.79,Rest
CE-000093,JL-0016,2025-08-11,Add To Cart,PRD-007,0,Organize
CE-000094,JL-0016,2025-09-22,Product View,PRD-004,0,Rest
CE-000095,JL-0017,2025-07-17,Product View,PRD-008,0,Move
CE-000096,JL-0017,2025-08-23,Purchase,PRD-003,27.68,Nourish
CE-000097,JL-0017,2025-08-07,Add To Cart,PRD-001,0,Organize
CE-000098,JL-0018,2025-12-23,Bundle Viewed,PRD-003,0,Nourish
CE-000099,JL-0018,2025-11-11,Product View,PRD-006,0,Mindful
CE-000100,JL-0018,2025-08-01,Product View,PRD-003,0,Nourish
CE-000101,JL-0018,2025-10-02,Add To Cart,PRD-006,0,Mindful
CE-000102,JL-0018,2026-01-25,Add To Cart,PRD-002,0,Move
CE-000103,JL-0019,2025-12-15,Product View,PRD-003,0,Nourish
CE-000104,JL-0019,2026-03-03,Bundle Viewed,PRD-003,0,Nourish
CE-000105,JL-0019,2026-04-03,Product View,PRD-004,0,Rest
CE-000106,JL-0021,2025-11-05,Add To Cart,PRD-008,0,Move
CE-000107,JL-0021,2026-06-02,Bundle Viewed,PRD-004,0,Rest
CE-000108,JL-0021,2026-03-05,Product View,PRD-005,0,Connect
CE-000109,JL-0021,2025-07-25,Product View,PRD-005,0,Connect
CE-000110,JL-0021,2025-10-09,Add To Cart,PRD-004,0,Rest
CE-000111,JL-0021,2025-08-28,Purchase,PRD-008,44.57,Move
CE-000112,JL-0021,2025-06-20,Add To Cart,PRD-001,0,Organize
CE-000113,JL-0022,2025-11-29,Purchase,PRD-006,14.4,Mindful
CE-000114,JL-0022,2025-08-30,Product View,PRD-005,0,Connect
CE-000115,JL-0022,2025-09-19,Product View,PRD-005,0,Connect
CE-000116,JL-0023,2025-11-12,Bundle Viewed,PRD-001,0,Organize
CE-000117,JL-0023,2025-10-26,Product View,PRD-007,0,Organize
CE-000118,JL-0023,2025-07-14,Product View,PRD-004,0,Rest
CE-000119,JL-0023,2025-10-16,Add To Cart,PRD-003,0,Nourish
CE-000120,JL-0023,2025-12-30,Product View,PRD-001,0,Organize
CE-000121,JL-0023,2026-02-24,Product View,PRD-001,0,Organize
CE-000122,JL-0023,2026-05-06,Bundle Viewed,PRD-007,0,Organize
CE-000123,JL-0024,2025-12-20,Bundle Viewed,PRD-007,0,Organize
CE-000124,JL-0025,2025-12-15,Purchase,PRD-008,47.5,Move
CE-000125,JL-0025,2025-09-13,Purchase,PRD-004,35.6,Rest
CE-000126,JL-0025,2025-09-04,Purchase,PRD-008,43.81,Move
CE-000127,JL-0026,2026-04-30,Product View,PRD-003,0,Nourish
CE-000128,JL-0026,2025-12-15,Bundle Viewed,PRD-007,0,Organize
CE-000129,JL-0026,2025-07-09,Bundle Viewed,PRD-007,0,Organize
CE-000130,JL-0027,2026-01-03,Purchase,PRD-007,46.55,Organize
CE-000131,JL-0027,2026-02-24,Product View,PRD-001,0,Organize
CE-000132,JL-0027,2025-06-23,Product View,PRD-007,0,Organize
CE-000133,JL-0027,2025-07-29,Bundle Viewed,PRD-004,0,Rest
CE-000134,JL-0027,2025-10-17,Add To Cart,PRD-001,0,Organize
CE-000135,JL-0028,2026-02-03,Product View,PRD-003,0,Nourish
CE-000136,JL-0028,2025-07-17,Product View,PRD-002,0,Move
CE-000137,JL-0028,2026-03-28,Add To Cart,PRD-002,0,Move
CE-000138,JL-0028,2025-06-20,Add To Cart,PRD-004,0,Rest
CE-000139,JL-0029,2025-06-22,Product View,PRD-008,0,Move
CE-000140,JL-0029,2025-11-17,Add To Cart,PRD-007,0,Organize
CE-000141,JL-0029,2025-09-03,Purchase,PRD-008,34.88,Move
CE-000142,JL-0030,2026-03-18,Bundle Viewed,PRD-004,0,Rest
CE-000143,JL-0030,2025-10-09,Purchase,PRD-004,33.05,Rest
CE-000144,JL-0030,2025-12-14,Add To Cart,PRD-006,0,Mindful
CE-000145,JL-0030,2025-09-01,Bundle Viewed,PRD-006,0,Mindful
CE-000146,JL-0031,2026-03-15,Purchase,PRD-001,20.79,Organize
CE-000147,JL-0031,2025-06-11,Return,PRD-006,-12,Mindful
CE-000148,JL-0032,2026-06-02,Return,PRD-007,-42,Organize
CE-000149,JL-0032,2025-07-01,Add To Cart,PRD-007,0,Organize
CE-000150,JL-0032,2026-01-16,Bundle Viewed,PRD-004,0,Rest
CE-000151,JL-0032,2026-06-05,Product View,PRD-001,0,Organize
CE-000152,JL-0032,2026-04-01,Purchase,PRD-007,45.59,Organize
CE-000153,JL-0032,2025-09-14,Add To Cart,PRD-001,0,Organize
CE-000154,JL-0033,2026-04-18,Product View,PRD-004,0,Rest
CE-000155,JL-0033,2026-06-04,Bundle Viewed,PRD-005,0,Connect
CE-000156,JL-0033,2025-08-15,Product View,PRD-005,0,Connect
CE-000157,JL-0034,2025-11-19,Product View,PRD-007,0,Organize
CE-000158,JL-0034,2025-08-19,Purchase,PRD-002,14.53,Move
CE-000159,JL-0034,2025-10-29,Purchase,PRD-005,9.04,Connect
CE-000160,JL-0035,2025-12-21,Add To Cart,PRD-003,0,Nourish
CE-000161,JL-0035,2026-03-08,Return,PRD-003,-24,Nourish
CE-000162,JL-0035,2026-01-23,Purchase,PRD-007,45.4,Organize
CE-000163,JL-0035,2025-07-18,Bundle Viewed,PRD-003,0,Nourish
CE-000164,JL-0035,2025-10-31,Product View,PRD-003,0,Nourish
CE-000165,JL-0035,2026-01-18,Add To Cart,PRD-005,0,Connect
CE-000166,JL-0035,2026-04-20,Product View,PRD-003,0,Nourish
CE-000167,JL-0035,2025-08-26,Bundle Viewed,PRD-003,0,Nourish
CE-000168,JL-0036,2026-06-05,Purchase,PRD-004,30.74,Rest
CE-000169,JL-0036,2025-11-19,Purchase,PRD-001,19.62,Organize
CE-000170,JL-0036,2026-01-17,Product View,PRD-006,0,Mindful
CE-000171,JL-0036,2026-02-23,Bundle Viewed,PRD-001,0,Organize
CE-000172,JL-0036,2026-05-27,Product View,PRD-007,0,Organize
CE-000173,JL-0037,2026-05-31,Bundle Viewed,PRD-001,0,Organize
CE-000174,JL-0037,2026-03-29,Purchase,PRD-008,44.37,Move
CE-000175,JL-0037,2026-04-14,Add To Cart,PRD-006,0,Mindful
CE-000176,JL-0037,2025-11-04,Product View,PRD-005,0,Connect
CE-000177,JL-0038,2026-01-30,Product View,PRD-006,0,Mindful
CE-000178,JL-0038,2025-11-10,Product View,PRD-006,0,Mindful
CE-000179,JL-0038,2025-11-13,Add To Cart,PRD-006,0,Mindful
CE-000180,JL-0038,2025-11-21,Purchase,PRD-005,7.52,Connect
CE-000181,JL-0038,2026-04-22,Purchase,PRD-004,35.8,Rest
CE-000182,JL-0039,2026-01-24,Bundle Viewed,PRD-001,0,Organize
CE-000183,JL-0039,2026-02-15,Product View,PRD-004,0,Rest
CE-000184,JL-0039,2026-04-15,Purchase,PRD-007,52.29,Organize
CE-000185,JL-0039,2026-03-18,Product View,PRD-005,0,Connect
CE-000186,JL-0039,2025-09-01,Bundle Viewed,PRD-007,0,Organize
CE-000187,JL-0039,2025-06-22,Product View,PRD-005,0,Connect
CE-000188,JL-0040,2026-01-07,Product View,PRD-006,0,Mindful
CE-000189,JL-0040,2026-03-25,Product View,PRD-005,0,Connect
CE-000190,JL-0040,2026-02-06,Bundle Viewed,PRD-006,0,Mindful
CE-000191,JL-0040,2026-03-25,Product View,PRD-006,0,Mindful
CE-000192,JL-0040,2026-03-24,Bundle Viewed,PRD-001,0,Organize
CE-000193,JL-0041,2025-10-22,Add To Cart,PRD-007,0,Organize
CE-000194,JL-0041,2026-01-07,Purchase,PRD-004,36.32,Rest
CE-000195,JL-0041,2025-12-27,Purchase,PRD-007,44.85,Organize
CE-000196,JL-0041,2025-09-07,Add To Cart,PRD-004,0,Rest
CE-000197,JL-0042,2026-06-05,Product View,PRD-006,0,Mindful
CE-000198,JL-0042,2026-02-23,Add To Cart,PRD-001,0,Organize
CE-000199,JL-0042,2025-12-18,Purchase,PRD-006,14.24,Mindful
CE-000200,JL-0042,2025-06-17,Product View,PRD-006,0,Mindful
CE-000201,JL-0042,2025-07-19,Purchase,PRD-005,8.17,Connect
CE-000202,JL-0043,2026-06-06,Add To Cart,PRD-004,0,Rest
CE-000203,JL-0043,2025-08-26,Product View,PRD-004,0,Rest
CE-000204,JL-0043,2026-03-13,Bundle Viewed,PRD-006,0,Mindful
CE-000205,JL-0043,2025-07-28,Product View,PRD-003,0,Nourish
CE-000206,JL-0043,2026-04-01,Product View,PRD-002,0,Move
CE-000207,JL-0044,2026-01-21,Add To Cart,PRD-002,0,Move
CE-000208,JL-0044,2025-11-15,Add To Cart,PRD-008,0,Move
CE-000209,JL-0044,2025-07-17,Purchase,PRD-004,33.11,Rest
CE-000210,JL-0044,2026-02-25,Return,PRD-005,-8,Connect
CE-000211,JL-0044,2025-07-08,Product View,PRD-008,0,Move
CE-000212,JL-0044,2025-10-28,Return,PRD-002,-16,Move
CE-000213,JL-0044,2025-06-23,Product View,PRD-002,0,Move
CE-000214,JL-0045,2025-11-05,Product View,PRD-008,0,Move
CE-000215,JL-0045,2025-10-21,Add To Cart,PRD-001,0,Organize
CE-000216,JL-0045,2025-11-30,Purchase,PRD-007,48.71,Organize
CE-000217,JL-0045,2025-08-12,Bundle Viewed,PRD-003,0,Nourish
CE-000218,JL-0045,2025-09-10,Purchase,PRD-007,52.46,Organize
CE-000219,JL-0045,2026-03-30,Product View,PRD-008,0,Move
CE-000220,JL-0046,2026-01-13,Purchase,PRD-005,9.88,Connect
CE-000221,JL-0046,2025-08-27,Product View,PRD-006,0,Mindful
CE-000222,JL-0046,2025-07-17,Bundle Viewed,PRD-006,0,Mindful
CE-000223,JL-0046,2026-05-26,Add To Cart,PRD-005,0,Connect
CE-000224,JL-0046,2025-07-09,Product View,PRD-005,0,Connect
CE-000225,JL-0046,2025-07-25,Product View,PRD-008,0,Move
CE-000226,JL-0046,2025-11-24,Product View,PRD-005,0,Connect
CE-000227,JL-0047,2025-12-28,Bundle Viewed,PRD-006,0,Mindful
CE-000228,JL-0047,2025-10-30,Product View,PRD-002,0,Move
CE-000229,JL-0047,2026-06-06,Purchase,PRD-008,40.59,Move
CE-000230,JL-0047,2025-10-12,Product View,PRD-008,0,Move
CE-000231,JL-0047,2025-12-28,Product View,PRD-005,0,Connect
CE-000232,JL-0047,2026-03-24,Product View,PRD-001,0,Organize
CE-000233,JL-0047,2026-03-16,Add To Cart,PRD-004,0,Rest
CE-000234,JL-0048,2025-10-02,Add To Cart,PRD-001,0,Organize
CE-000235,JL-0048,2025-06-10,Bundle Viewed,PRD-006,0,Mindful
CE-000236,JL-0048,2025-07-16,Purchase,PRD-001,20.04,Organize
CE-000237,JL-0048,2025-08-20,Product View,PRD-003,0,Nourish
CE-000238,JL-0048,2025-11-07,Product View,PRD-008,0,Move
CE-000239,JL-0048,2026-04-06,Bundle Viewed,PRD-007,0,Organize
CE-000240,JL-0048,2025-08-13,Bundle Viewed,PRD-007,0,Organize
CE-000241,JL-0048,2025-11-12,Product View,PRD-001,0,Organize
CE-000242,JL-0049,2026-06-02,Product View,PRD-001,0,Organize
CE-000243,JL-0050,2025-07-12,Return,PRD-007,-42,Organize
CE-000244,JL-0050,2026-05-20,Product View,PRD-007,0,Organize
CE-000245,JL-0050,2025-09-12,Product View,PRD-001,0,Organize
CE-000246,JL-0050,2025-09-18,Bundle Viewed,PRD-005,0,Connect
CE-000247,JL-0051,2025-06-24,Add To Cart,PRD-005,0,Connect
CE-000248,JL-0051,2025-08-31,Purchase,PRD-001,16.85,Organize
CE-000249,JL-0051,2026-02-06,Product View,PRD-003,0,Nourish
CE-000250,JL-0051,2025-06-20,Add To Cart,PRD-002,0,Move
CE-000251,JL-0052,2025-10-20,Product View,PRD-005,0,Connect
CE-000252,JL-0052,2026-02-27,Purchase,PRD-004,31.23,Rest
CE-000253,JL-0053,2025-07-13,Return,PRD-002,-16,Move
CE-000254,JL-0053,2026-01-02,Purchase,PRD-001,16.57,Organize
CE-000255,JL-0053,2025-07-31,Add To Cart,PRD-001,0,Organize
CE-000256,JL-0053,2025-07-13,Add To Cart,PRD-005,0,Connect
CE-000257,JL-0053,2026-01-26,Product View,PRD-003,0,Nourish
CE-000258,JL-0054,2026-01-18,Product View,PRD-007,0,Organize
CE-000259,JL-0054,2025-11-28,Add To Cart,PRD-001,0,Organize
CE-000260,JL-0055,2026-03-05,Add To Cart,PRD-007,0,Organize
CE-000261,JL-0055,2025-09-18,Purchase,PRD-007,49.04,Organize
CE-000262,JL-0055,2026-05-12,Product View,PRD-003,0,Nourish
CE-000263,JL-0055,2025-07-23,Product View,PRD-001,0,Organize
CE-000264,JL-0055,2025-12-01,Product View,PRD-001,0,Organize
CE-000265,JL-0055,2026-03-27,Product View,PRD-003,0,Nourish
CE-000266,JL-0055,2026-03-22,Purchase,PRD-007,47.95,Organize
CE-000267,JL-0055,2025-09-15,Add To Cart,PRD-006,0,Mindful
CE-000268,JL-0056,2025-10-01,Product View,PRD-004,0,Rest
CE-000269,JL-0056,2026-05-04,Purchase,PRD-004,32.45,Rest
CE-000270,JL-0056,2026-05-25,Product View,PRD-005,0,Connect
CE-000271,JL-0056,2025-07-12,Product View,PRD-004,0,Rest
CE-000272,JL-0056,2025-11-16,Product View,PRD-006,0,Mindful
CE-000273,JL-0058,2026-01-06,Add To Cart,PRD-006,0,Mindful
CE-000274,JL-0058,2025-07-20,Product View,PRD-006,0,Mindful
CE-000275,JL-0058,2026-05-16,Product View,PRD-003,0,Nourish
CE-000276,JL-0058,2026-02-17,Bundle Viewed,PRD-004,0,Rest
CE-000277,JL-0059,2026-04-16,Purchase,PRD-005,8.32,Connect
CE-000278,JL-0059,2025-10-24,Product View,PRD-003,0,Nourish
CE-000279,JL-0059,2025-12-19,Product View,PRD-007,0,Organize
CE-000280,JL-0059,2025-06-10,Product View,PRD-003,0,Nourish
CE-000281,JL-0059,2026-05-22,Purchase,PRD-003,22.33,Nourish
CE-000282,JL-0059,2025-12-12,Purchase,PRD-003,22.67,Nourish
CE-000283,JL-0059,2026-04-29,Purchase,PRD-003,29.07,Nourish
CE-000284,JL-0059,2025-08-18,Product View,PRD-003,0,Nourish
CE-000285,JL-0059,2026-03-24,Purchase,PRD-006,14.74,Mindful
CE-000286,JL-0060,2025-10-30,Purchase,PRD-004,32.12,Rest
CE-000287,JL-0060,2025-06-29,Add To Cart,PRD-004,0,Rest
CE-000288,JL-0060,2025-10-16,Product View,PRD-004,0,Rest
CE-000289,JL-0061,2026-03-08,Product View,PRD-007,0,Organize
CE-000290,JL-0061,2025-11-26,Add To Cart,PRD-007,0,Organize
CE-000291,JL-0061,2025-09-28,Product View,PRD-001,0,Organize
CE-000292,JL-0061,2026-03-12,Product View,PRD-001,0,Organize
CE-000293,JL-0061,2025-10-02,Product View,PRD-007,0,Organize
CE-000294,JL-0061,2026-06-07,Bundle Viewed,PRD-004,0,Rest
CE-000295,JL-0061,2025-10-05,Bundle Viewed,PRD-001,0,Organize
CE-000296,JL-0061,2026-06-04,Bundle Viewed,PRD-008,0,Move
CE-000297,JL-0061,2025-08-09,Purchase,PRD-006,10.87,Mindful
CE-000298,JL-0061,2026-04-03,Purchase,PRD-006,13.64,Mindful
CE-000299,JL-0062,2026-05-08,Bundle Viewed,PRD-007,0,Organize
CE-000300,JL-0062,2025-07-05,Purchase,PRD-008,45.53,Move
CE-000301,JL-0062,2026-04-06,Purchase,PRD-001,19.1,Organize
CE-000302,JL-0062,2025-07-11,Add To Cart,PRD-001,0,Organize
CE-000303,JL-0062,2025-08-27,Add To Cart,PRD-002,0,Move
CE-000304,JL-0063,2026-03-02,Product View,PRD-002,0,Move
CE-000305,JL-0063,2026-04-28,Purchase,PRD-003,24.36,Nourish
CE-000306,JL-0063,2025-09-19,Product View,PRD-008,0,Move
CE-000307,JL-0064,2025-12-21,Product View,PRD-006,0,Mindful
CE-000308,JL-0064,2026-01-09,Product View,PRD-006,0,Mindful
CE-000309,JL-0064,2026-04-23,Purchase,PRD-006,10.94,Mindful
CE-000310,JL-0064,2025-12-10,Bundle Viewed,PRD-006,0,Mindful
CE-000311,JL-0064,2025-12-25,Product View,PRD-002,0,Move
CE-000312,JL-0065,2026-04-20,Purchase,PRD-005,9.94,Connect
CE-000313,JL-0065,2025-06-10,Purchase,PRD-008,45.38,Move
CE-000314,JL-0065,2025-07-01,Purchase,PRD-006,13.08,Mindful
CE-000315,JL-0065,2026-03-15,Product View,PRD-002,0,Move
CE-000316,JL-0066,2025-10-19,Add To Cart,PRD-001,0,Organize
CE-000317,JL-0066,2026-05-23,Purchase,PRD-006,10.99,Mindful
CE-000318,JL-0066,2026-04-15,Product View,PRD-007,0,Organize
CE-000319,JL-0066,2025-10-01,Purchase,PRD-001,19.06,Organize
CE-000320,JL-0066,2026-03-15,Add To Cart,PRD-001,0,Organize
CE-000321,JL-0066,2026-02-07,Bundle Viewed,PRD-001,0,Organize
CE-000322,JL-0067,2026-01-24,Product View,PRD-007,0,Organize
CE-000323,JL-0067,2025-10-21,Add To Cart,PRD-004,0,Rest
CE-000324,JL-0067,2025-11-07,Bundle Viewed,PRD-005,0,Connect
CE-000325,JL-0067,2025-08-05,Product View,PRD-003,0,Nourish
CE-000326,JL-0068,2026-02-22,Product View,PRD-004,0,Rest
CE-000327,JL-0068,2026-02-27,Add To Cart,PRD-001,0,Organize
CE-000328,JL-0068,2025-12-01,Purchase,PRD-001,18.51,Organize
CE-000329,JL-0068,2026-02-02,Bundle Viewed,PRD-001,0,Organize
CE-000330,JL-0068,2026-05-24,Bundle Viewed,PRD-008,0,Move
CE-000331,JL-0068,2025-07-03,Bundle Viewed,PRD-002,0,Move
CE-000332,JL-0069,2026-05-28,Product View,PRD-001,0,Organize
CE-000333,JL-0069,2026-01-08,Product View,PRD-005,0,Connect
CE-000334,JL-0069,2025-06-20,Bundle Viewed,PRD-004,0,Rest
CE-000335,JL-0069,2026-05-24,Bundle Viewed,PRD-005,0,Connect
CE-000336,JL-0069,2026-02-03,Purchase,PRD-006,12.81,Mindful
CE-000337,JL-0070,2025-12-01,Purchase,PRD-006,13.99,Mindful
CE-000338,JL-0070,2025-09-29,Add To Cart,PRD-003,0,Nourish
CE-000339,JL-0070,2025-11-19,Purchase,PRD-005,7.91,Connect
CE-000340,JL-0070,2025-07-26,Product View,PRD-006,0,Mindful
CE-000341,JL-0070,2025-12-11,Purchase,PRD-003,22.44,Nourish
CE-000342,JL-0070,2026-03-30,Bundle Viewed,PRD-005,0,Connect
CE-000343,JL-0071,2026-06-01,Purchase,PRD-002,18.38,Move
CE-000344,JL-0071,2025-09-10,Product View,PRD-003,0,Nourish
CE-000345,JL-0071,2025-10-27,Product View,PRD-007,0,Organize
CE-000346,JL-0071,2026-06-07,Product View,PRD-001,0,Organize
CE-000347,JL-0071,2025-07-26,Product View,PRD-001,0,Organize
CE-000348,JL-0072,2025-12-02,Purchase,PRD-004,32.57,Rest
CE-000349,JL-0072,2026-05-25,Product View,PRD-007,0,Organize
CE-000350,JL-0072,2026-03-24,Purchase,PRD-007,43.9,Organize
CE-000351,JL-0073,2026-02-15,Purchase,PRD-003,27,Nourish
CE-000352,JL-0073,2025-12-01,Bundle Viewed,PRD-008,0,Move
CE-000353,JL-0073,2026-05-12,Product View,PRD-003,0,Nourish
CE-000354,JL-0073,2026-01-29,Bundle Viewed,PRD-001,0,Organize
CE-000355,JL-0073,2025-06-24,Return,PRD-004,-34,Rest
CE-000356,JL-0074,2026-01-17,Product View,PRD-006,0,Mindful
CE-000357,JL-0074,2026-01-09,Product View,PRD-006,0,Mindful
CE-000358,JL-0074,2026-01-23,Bundle Viewed,PRD-006,0,Mindful
CE-000359,JL-0074,2025-10-06,Product View,PRD-004,0,Rest
CE-000360,JL-0074,2026-01-31,Product View,PRD-006,0,Mindful
CE-000361,JL-0074,2026-04-01,Add To Cart,PRD-004,0,Rest
CE-000362,JL-0074,2025-09-13,Add To Cart,PRD-006,0,Mindful
CE-000363,JL-0074,2026-06-01,Purchase,PRD-004,32.73,Rest
CE-000364,JL-0075,2025-11-18,Add To Cart,PRD-007,0,Organize
CE-000365,JL-0075,2026-01-24,Bundle Viewed,PRD-001,0,Organize
CE-000366,JL-0075,2025-06-13,Product View,PRD-005,0,Connect
CE-000367,JL-0075,2025-12-17,Purchase,PRD-001,19.63,Organize
CE-000368,JL-0076,2026-01-28,Purchase,PRD-001,20.79,Organize
CE-000369,JL-0076,2025-08-19,Purchase,PRD-007,51.48,Organize
CE-000370,JL-0076,2026-03-28,Add To Cart,PRD-007,0,Organize
CE-000371,JL-0077,2025-10-12,Bundle Viewed,PRD-004,0,Rest
CE-000372,JL-0077,2025-10-15,Product View,PRD-002,0,Move
CE-000373,JL-0077,2025-12-21,Product View,PRD-001,0,Organize
CE-000374,JL-0077,2025-11-03,Purchase,PRD-001,19.19,Organize
CE-000375,JL-0077,2026-05-03,Product View,PRD-001,0,Organize
CE-000376,JL-0078,2026-01-18,Bundle Viewed,PRD-007,0,Organize
CE-000377,JL-0078,2025-09-24,Add To Cart,PRD-001,0,Organize
CE-000378,JL-0078,2026-05-21,Product View,PRD-007,0,Organize
CE-000379,JL-0079,2025-11-12,Purchase,PRD-008,46.27,Move
CE-000380,JL-0079,2026-02-22,Bundle Viewed,PRD-002,0,Move
CE-000381,JL-0079,2025-06-21,Purchase,PRD-004,39.84,Rest
CE-000382,JL-0079,2026-01-01,Product View,PRD-001,0,Organize
CE-000383,JL-0079,2026-05-26,Bundle Viewed,PRD-007,0,Organize
CE-000384,JL-0079,2026-05-03,Product View,PRD-001,0,Organize
CE-000385,JL-0079,2026-01-17,Bundle Viewed,PRD-002,0,Move
CE-000386,JL-0079,2025-10-23,Add To Cart,PRD-008,0,Move
CE-000387,JL-0080,2025-12-15,Product View,PRD-008,0,Move
CE-000388,JL-0080,2026-05-25,Product View,PRD-002,0,Move
CE-000389,JL-0080,2025-07-07,Purchase,PRD-003,25.38,Nourish
CE-000390,JL-0080,2026-02-16,Purchase,PRD-008,36.27,Move
CE-000391,JL-0080,2026-01-24,Purchase,PRD-003,28.86,Nourish
CE-000392,JL-0080,2026-04-27,Product View,PRD-003,0,Nourish
CE-000393,JL-0080,2025-07-06,Add To Cart,PRD-008,0,Move
CE-000394,JL-0080,2025-06-12,Purchase,PRD-001,21.54,Organize
CE-000395,JL-0081,2025-12-05,Product View,PRD-003,0,Nourish
CE-000396,JL-0081,2025-06-10,Add To Cart,PRD-005,0,Connect
CE-000397,JL-0081,2025-07-08,Purchase,PRD-004,37.04,Rest
CE-000398,JL-0081,2025-12-25,Product View,PRD-004,0,Rest
CE-000399,JL-0082,2026-03-15,Add To Cart,PRD-006,0,Mindful
CE-000400,JL-0082,2025-08-12,Bundle Viewed,PRD-006,0,Mindful
CE-000401,JL-0082,2025-12-18,Product View,PRD-006,0,Mindful
CE-000402,JL-0082,2025-06-16,Add To Cart,PRD-002,0,Move
CE-000403,JL-0082,2025-11-05,Bundle Viewed,PRD-002,0,Move
CE-000404,JL-0082,2026-03-21,Product View,PRD-006,0,Mindful
CE-000405,JL-0083,2025-08-31,Product View,PRD-008,0,Move
CE-000406,JL-0083,2025-06-23,Product View,PRD-002,0,Move
CE-000407,JL-0083,2025-06-24,Purchase,PRD-002,18.74,Move
CE-000408,JL-0083,2025-08-01,Product View,PRD-006,0,Mindful
CE-000409,JL-0083,2026-03-01,Product View,PRD-006,0,Mindful
CE-000410,JL-0083,2026-04-15,Product View,PRD-006,0,Mindful
CE-000411,JL-0083,2025-09-04,Product View,PRD-002,0,Move
CE-000412,JL-0083,2025-06-30,Add To Cart,PRD-008,0,Move
CE-000413,JL-0084,2025-06-15,Purchase,PRD-005,8.58,Connect
CE-000414,JL-0084,2026-05-09,Add To Cart,PRD-005,0,Connect
CE-000415,JL-0084,2025-12-24,Bundle Viewed,PRD-001,0,Organize
CE-000416,JL-0084,2026-05-03,Purchase,PRD-008,36.2,Move
CE-000417,JL-0084,2026-06-03,Product View,PRD-007,0,Organize
CE-000418,JL-0085,2025-11-19,Purchase,PRD-006,12.82,Mindful
CE-000419,JL-0085,2026-04-23,Add To Cart,PRD-002,0,Move
CE-000420,JL-0086,2026-03-05,Add To Cart,PRD-003,0,Nourish
CE-000421,JL-0086,2026-03-18,Purchase,PRD-004,39.35,Rest
CE-000422,JL-0086,2025-11-03,Product View,PRD-008,0,Move
CE-000423,JL-0086,2026-05-20,Purchase,PRD-003,23.16,Nourish
CE-000424,JL-0086,2026-01-16,Add To Cart,PRD-006,0,Mindful
CE-000425,JL-0087,2026-04-03,Add To Cart,PRD-003,0,Nourish
CE-000426,JL-0087,2026-05-15,Product View,PRD-008,0,Move
CE-000427,JL-0087,2025-10-14,Bundle Viewed,PRD-006,0,Mindful
CE-000428,JL-0087,2025-07-26,Product View,PRD-006,0,Mindful
CE-000429,JL-0087,2026-03-05,Product View,PRD-004,0,Rest
CE-000430,JL-0087,2026-03-27,Bundle Viewed,PRD-006,0,Mindful
CE-000431,JL-0087,2026-05-13,Bundle Viewed,PRD-004,0,Rest
CE-000432,JL-0088,2026-04-13,Product View,PRD-003,0,Nourish
CE-000433,JL-0088,2025-09-16,Product View,PRD-008,0,Move
CE-000434,JL-0088,2026-06-01,Add To Cart,PRD-003,0,Nourish
CE-000435,JL-0088,2025-09-10,Bundle Viewed,PRD-003,0,Nourish
CE-000436,JL-0088,2025-11-16,Purchase,PRD-006,12.22,Mindful
CE-000437,JL-0088,2025-12-04,Purchase,PRD-005,9.58,Connect
CE-000438,JL-0089,2026-01-18,Purchase,PRD-003,26.06,Nourish
CE-000439,JL-0089,2026-02-24,Product View,PRD-002,0,Move
CE-000440,JL-0089,2026-03-23,Bundle Viewed,PRD-002,0,Move
CE-000441,JL-0089,2026-01-13,Bundle Viewed,PRD-003,0,Nourish
CE-000442,JL-0089,2025-09-18,Add To Cart,PRD-003,0,Nourish
CE-000443,JL-0089,2025-10-20,Bundle Viewed,PRD-003,0,Nourish
CE-000444,JL-0090,2026-06-03,Add To Cart,PRD-007,0,Organize
CE-000445,JL-0090,2025-12-18,Product View,PRD-006,0,Mindful
CE-000446,JL-0090,2025-08-16,Add To Cart,PRD-004,0,Rest
CE-000447,JL-0090,2026-06-03,Product View,PRD-006,0,Mindful
CE-000448,JL-0090,2025-11-07,Product View,PRD-004,0,Rest
CE-000449,JL-0091,2025-08-06,Product View,PRD-007,0,Organize
CE-000450,JL-0091,2026-05-13,Bundle Viewed,PRD-006,0,Mindful
CE-000451,JL-0091,2025-07-08,Product View,PRD-003,0,Nourish
CE-000452,JL-0091,2026-01-19,Product View,PRD-001,0,Organize
CE-000453,JL-0091,2026-04-27,Product View,PRD-003,0,Nourish
CE-000454,JL-0091,2025-09-15,Product View,PRD-001,0,Organize
CE-000455,JL-0091,2026-02-28,Add To Cart,PRD-001,0,Organize
CE-000456,JL-0091,2026-04-28,Bundle Viewed,PRD-003,0,Nourish
CE-000457,JL-0091,2025-07-22,Add To Cart,PRD-003,0,Nourish
CE-000458,JL-0091,2026-03-09,Purchase,PRD-001,18.38,Organize
CE-000459,JL-0092,2025-09-13,Bundle Viewed,PRD-004,0,Rest
CE-000460,JL-0092,2025-06-15,Product View,PRD-001,0,Organize
CE-000461,JL-0092,2026-02-27,Bundle Viewed,PRD-008,0,Move
CE-000462,JL-0092,2025-08-08,Product View,PRD-004,0,Rest
CE-000463,JL-0092,2025-07-10,Bundle Viewed,PRD-008,0,Move
CE-000464,JL-0093,2026-02-27,Bundle Viewed,PRD-008,0,Move
CE-000465,JL-0093,2025-11-06,Add To Cart,PRD-006,0,Mindful
CE-000466,JL-0093,2026-02-08,Bundle Viewed,PRD-005,0,Connect
CE-000467,JL-0093,2026-01-18,Add To Cart,PRD-008,0,Move
CE-000468,JL-0093,2026-06-02,Bundle Viewed,PRD-007,0,Organize
CE-000469,JL-0094,2025-12-16,Bundle Viewed,PRD-004,0,Rest
CE-000470,JL-0094,2025-08-28,Purchase,PRD-007,49.78,Organize
CE-000471,JL-0094,2025-10-22,Add To Cart,PRD-001,0,Organize
CE-000472,JL-0094,2026-03-15,Product View,PRD-001,0,Organize
CE-000473,JL-0094,2026-03-14,Add To Cart,PRD-007,0,Organize
CE-000474,JL-0094,2026-02-13,Bundle Viewed,PRD-007,0,Organize
CE-000475,JL-0095,2025-06-27,Purchase,PRD-006,14.26,Mindful
CE-000476,JL-0095,2025-07-03,Product View,PRD-006,0,Mindful
CE-000477,JL-0096,2025-09-13,Product View,PRD-003,0,Nourish
CE-000478,JL-0096,2025-06-08,Purchase,PRD-008,42.37,Move
CE-000479,JL-0096,2026-01-29,Product View,PRD-002,0,Move
CE-000480,JL-0096,2026-02-09,Product View,PRD-003,0,Nourish
CE-000481,JL-0096,2026-03-13,Purchase,PRD-008,46.91,Move
CE-000482,JL-0096,2026-04-09,Product View,PRD-006,0,Mindful
CE-000483,JL-0096,2026-06-07,Product View,PRD-002,0,Move
CE-000484,JL-0096,2026-01-31,Purchase,PRD-001,18.72,Organize
CE-000485,JL-0096,2025-11-17,Product View,PRD-008,0,Move
CE-000486,JL-0097,2025-11-10,Purchase,PRD-007,44.45,Organize
CE-000487,JL-0097,2026-01-28,Product View,PRD-008,0,Move
CE-000488,JL-0097,2026-02-13,Product View,PRD-008,0,Move
CE-000489,JL-0097,2025-12-23,Product View,PRD-005,0,Connect
CE-000490,JL-0098,2025-06-26,Bundle Viewed,PRD-008,0,Move
CE-000491,JL-0098,2026-02-20,Purchase,PRD-003,22.16,Nourish
CE-000492,JL-0098,2025-11-29,Product View,PRD-003,0,Nourish
CE-000493,JL-0098,2026-04-07,Purchase,PRD-003,25.89,Nourish
CE-000494,JL-0098,2026-03-22,Return,PRD-003,-24,Nourish
CE-000495,JL-0098,2026-05-19,Product View,PRD-003,0,Nourish
CE-000496,JL-0098,2026-01-12,Purchase,PRD-002,19.11,Move
CE-000497,JL-0098,2025-11-30,Product View,PRD-008,0,Move
CE-000498,JL-0100,2026-01-23,Bundle Viewed,PRD-002,0,Move
CE-000499,JL-0100,2026-02-27,Bundle Viewed,PRD-002,0,Move
CE-000500,JL-0100,2026-05-24,Bundle Viewed,PRD-002,0,Move
CE-000501,JL-0100,2025-11-02,Purchase,PRD-002,18.63,Move
CE-000502,JL-0100,2025-12-30,Bundle Viewed,PRD-008,0,Move
CE-000503,JL-0100,2026-03-05,Bundle Viewed,PRD-003,0,Nourish
CE-000504,JL-0100,2026-05-28,Add To Cart,PRD-007,0,Organize
CE-000505,JL-0101,2026-03-06,Product View,PRD-008,0,Move
CE-000506,JL-0101,2025-12-17,Product View,PRD-002,0,Move
CE-000507,JL-0102,2025-07-24,Product View,PRD-004,0,Rest
CE-000508,JL-0103,2025-08-28,Product View,PRD-003,0,Nourish
CE-000509,JL-0103,2025-08-29,Product View,PRD-004,0,Rest
CE-000510,JL-0103,2025-07-13,Product View,PRD-003,0,Nourish
CE-000511,JL-0104,2025-12-05,Bundle Viewed,PRD-004,0,Rest
CE-000512,JL-0104,2026-04-06,Bundle Viewed,PRD-003,0,Nourish
CE-000513,JL-0104,2026-03-27,Product View,PRD-007,0,Organize
CE-000514,JL-0104,2025-11-06,Add To Cart,PRD-003,0,Nourish
CE-000515,JL-0104,2026-05-08,Add To Cart,PRD-004,0,Rest
CE-000516,JL-0104,2026-02-20,Product View,PRD-003,0,Nourish
CE-000517,JL-0104,2025-09-29,Product View,PRD-004,0,Rest
CE-000518,JL-0105,2025-07-15,Purchase,PRD-006,11.2,Mindful
CE-000519,JL-0105,2026-05-29,Purchase,PRD-004,37.98,Rest
CE-000520,JL-0105,2025-10-04,Product View,PRD-004,0,Rest
CE-000521,JL-0105,2025-08-31,Bundle Viewed,PRD-003,0,Nourish
CE-000522,JL-0105,2025-06-09,Add To Cart,PRD-004,0,Rest
CE-000523,JL-0105,2026-01-07,Bundle Viewed,PRD-001,0,Organize
CE-000524,JL-0106,2025-11-29,Add To Cart,PRD-001,0,Organize
CE-000525,JL-0106,2025-10-10,Bundle Viewed,PRD-001,0,Organize
CE-000526,JL-0106,2025-10-08,Purchase,PRD-007,51.97,Organize
CE-000527,JL-0106,2025-07-14,Product View,PRD-002,0,Move
CE-000528,JL-0107,2025-07-10,Bundle Viewed,PRD-007,0,Organize
CE-000529,JL-0107,2025-07-08,Bundle Viewed,PRD-001,0,Organize
CE-000530,JL-0107,2025-08-31,Product View,PRD-007,0,Organize
CE-000531,JL-0107,2026-05-16,Bundle Viewed,PRD-001,0,Organize
CE-000532,JL-0107,2025-09-27,Product View,PRD-007,0,Organize
CE-000533,JL-0108,2026-04-11,Product View,PRD-006,0,Mindful
CE-000534,JL-0109,2025-11-14,Product View,PRD-006,0,Mindful
CE-000535,JL-0109,2025-09-09,Add To Cart,PRD-002,0,Move
CE-000536,JL-0109,2025-09-23,Purchase,PRD-002,17.96,Move
CE-000537,JL-0109,2025-11-20,Purchase,PRD-002,15.17,Move
CE-000538,JL-0110,2025-12-11,Bundle Viewed,PRD-003,0,Nourish
CE-000539,JL-0110,2025-12-18,Product View,PRD-005,0,Connect
CE-000540,JL-0110,2026-01-14,Purchase,PRD-003,29.34,Nourish
CE-000541,JL-0110,2025-12-14,Product View,PRD-003,0,Nourish
CE-000542,JL-0110,2025-06-19,Bundle Viewed,PRD-003,0,Nourish
CE-000543,JL-0111,2025-09-19,Add To Cart,PRD-006,0,Mindful
CE-000544,JL-0111,2025-12-29,Purchase,PRD-004,40.12,Rest
CE-000545,JL-0111,2026-06-01,Product View,PRD-006,0,Mindful
CE-000546,JL-0111,2025-06-17,Bundle Viewed,PRD-007,0,Organize
CE-000547,JL-0111,2025-11-21,Return,PRD-004,-34,Rest
CE-000548,JL-0111,2025-11-22,Product View,PRD-004,0,Rest
CE-000549,JL-0112,2026-01-02,Product View,PRD-005,0,Connect
CE-000550,JL-0112,2025-09-19,Bundle Viewed,PRD-006,0,Mindful
CE-000551,JL-0112,2025-10-16,Product View,PRD-006,0,Mindful
CE-000552,JL-0113,2025-10-17,Purchase,PRD-007,50.88,Organize
CE-000553,JL-0113,2026-01-26,Product View,PRD-001,0,Organize
CE-000554,JL-0113,2026-05-29,Product View,PRD-001,0,Organize
CE-000555,JL-0113,2026-03-07,Purchase,PRD-007,49.07,Organize
CE-000556,JL-0113,2025-12-10,Return,PRD-008,-38,Move
CE-000557,JL-0114,2025-12-10,Add To Cart,PRD-006,0,Mindful
CE-000558,JL-0114,2025-08-23,Bundle Viewed,PRD-001,0,Organize
CE-000559,JL-0114,2025-08-29,Add To Cart,PRD-001,0,Organize
CE-000560,JL-0114,2026-01-09,Add To Cart,PRD-007,0,Organize
CE-000561,JL-0114,2025-12-09,Bundle Viewed,PRD-007,0,Organize
CE-000562,JL-0114,2025-07-12,Add To Cart,PRD-001,0,Organize
CE-000563,JL-0115,2026-04-03,Product View,PRD-006,0,Mindful
CE-000564,JL-0115,2026-01-21,Product View,PRD-004,0,Rest
CE-000565,JL-0115,2025-09-29,Return,PRD-006,-12,Mindful
CE-000566,JL-0115,2025-08-15,Add To Cart,PRD-003,0,Nourish
CE-000567,JL-0116,2025-10-03,Purchase,PRD-001,18.73,Organize
CE-000568,JL-0116,2025-06-18,Product View,PRD-003,0,Nourish
CE-000569,JL-0116,2025-10-21,Product View,PRD-007,0,Organize
CE-000570,JL-0116,2026-05-16,Bundle Viewed,PRD-004,0,Rest
CE-000571,JL-0116,2025-09-07,Purchase,PRD-003,29.82,Nourish
CE-000572,JL-0116,2026-01-29,Product View,PRD-007,0,Organize
CE-000573,JL-0116,2025-12-25,Bundle Viewed,PRD-003,0,Nourish
CE-000574,JL-0116,2026-02-01,Product View,PRD-003,0,Nourish
CE-000575,JL-0116,2026-02-08,Product View,PRD-007,0,Organize
CE-000576,JL-0117,2026-03-26,Purchase,PRD-008,37.66,Move
CE-000577,JL-0117,2025-11-12,Product View,PRD-002,0,Move
CE-000578,JL-0118,2025-06-10,Add To Cart,PRD-005,0,Connect
CE-000579,JL-0118,2026-03-22,Product View,PRD-004,0,Rest
CE-000580,JL-0118,2026-05-08,Purchase,PRD-001,22.43,Organize
CE-000581,JL-0118,2025-12-03,Bundle Viewed,PRD-001,0,Organize
CE-000582,JL-0119,2025-07-23,Product View,PRD-001,0,Organize
CE-000583,JL-0119,2025-07-16,Product View,PRD-006,0,Mindful
CE-000584,JL-0119,2025-09-15,Bundle Viewed,PRD-007,0,Organize
CE-000585,JL-0119,2026-03-22,Product View,PRD-007,0,Organize
CE-000586,JL-0119,2025-07-02,Product View,PRD-001,0,Organize
CE-000587,JL-0119,2025-11-12,Product View,PRD-007,0,Organize
CE-000588,JL-0119,2025-11-26,Bundle Viewed,PRD-002,0,Move
CE-000589,JL-0119,2025-09-24,Product View,PRD-001,0,Organize
CE-000590,JL-0119,2026-01-25,Purchase,PRD-007,51.88,Organize
CE-000591,JL-0119,2025-12-06,Add To Cart,PRD-006,0,Mindful
CE-000592,JL-0120,2025-07-19,Product View,PRD-006,0,Mindful
CE-000593,JL-0120,2025-06-16,Bundle Viewed,PRD-006,0,Mindful
CE-000594,JL-0120,2025-12-15,Bundle Viewed,PRD-004,0,Rest
CE-000595,JL-0120,2025-07-06,Purchase,PRD-006,14.66,Mindful
CE-000596,JL-0120,2026-01-02,Bundle Viewed,PRD-006,0,Mindful
CE-000597,JL-0120,2026-02-28,Product View,PRD-006,0,Mindful
CE-000598,JL-0120,2026-01-30,Purchase,PRD-005,8.99,Connect
CE-000599,JL-0121,2025-12-25,Product View,PRD-007,0,Organize
CE-000600,JL-0121,2025-09-03,Product View,PRD-001,0,Organize
CE-000601,JL-0121,2025-12-31,Product View,PRD-003,0,Nourish
CE-000602,JL-0121,2026-03-05,Purchase,PRD-003,26.85,Nourish
CE-000603,JL-0121,2025-07-28,Product View,PRD-001,0,Organize
CE-000604,JL-0121,2025-10-14,Product View,PRD-003,0,Nourish
CE-000605,JL-0121,2025-11-04,Product View,PRD-001,0,Organize
CE-000606,JL-0122,2026-01-05,Product View,PRD-001,0,Organize
CE-000607,JL-0122,2025-11-17,Product View,PRD-002,0,Move
CE-000608,JL-0122,2025-07-11,Product View,PRD-006,0,Mindful
CE-000609,JL-0122,2025-09-11,Product View,PRD-003,0,Nourish
CE-000610,JL-0122,2025-07-07,Bundle Viewed,PRD-003,0,Nourish
CE-000611,JL-0122,2026-04-03,Product View,PRD-006,0,Mindful
CE-000612,JL-0123,2026-03-21,Product View,PRD-006,0,Mindful
CE-000613,JL-0123,2025-11-09,Product View,PRD-006,0,Mindful
CE-000614,JL-0123,2026-04-17,Return,PRD-006,-12,Mindful
CE-000615,JL-0123,2025-08-20,Add To Cart,PRD-006,0,Mindful
CE-000616,JL-0124,2025-12-19,Product View,PRD-006,0,Mindful
CE-000617,JL-0124,2026-05-26,Product View,PRD-007,0,Organize
CE-000618,JL-0124,2026-03-10,Product View,PRD-006,0,Mindful
CE-000619,JL-0125,2026-04-27,Product View,PRD-002,0,Move
CE-000620,JL-0125,2025-09-11,Bundle Viewed,PRD-003,0,Nourish
CE-000621,JL-0125,2025-09-13,Bundle Viewed,PRD-003,0,Nourish
CE-000622,JL-0126,2026-03-16,Purchase,PRD-002,18.99,Move
CE-000623,JL-0126,2026-05-29,Product View,PRD-008,0,Move
CE-000624,JL-0126,2026-04-07,Add To Cart,PRD-001,0,Organize
CE-000625,JL-0126,2026-01-10,Purchase,PRD-006,10.97,Mindful
CE-000626,JL-0126,2025-06-10,Add To Cart,PRD-002,0,Move
CE-000627,JL-0126,2025-08-19,Return,PRD-005,-8,Connect
CE-000628,JL-0126,2026-05-19,Bundle Viewed,PRD-002,0,Move
CE-000629,JL-0126,2026-05-31,Purchase,PRD-002,17.89,Move
CE-000630,JL-0127,2026-01-24,Product View,PRD-001,0,Organize
CE-000631,JL-0127,2025-10-23,Product View,PRD-006,0,Mindful
CE-000632,JL-0127,2026-02-22,Add To Cart,PRD-006,0,Mindful
CE-000633,JL-0128,2026-05-11,Product View,PRD-003,0,Nourish
CE-000634,JL-0128,2025-10-07,Product View,PRD-005,0,Connect
CE-000635,JL-0128,2025-07-05,Product View,PRD-005,0,Connect
CE-000636,JL-0129,2025-06-22,Return,PRD-001,-18,Organize
CE-000637,JL-0129,2026-03-03,Product View,PRD-004,0,Rest
CE-000638,JL-0129,2026-05-30,Product View,PRD-007,0,Organize
CE-000639,JL-0129,2026-01-25,Add To Cart,PRD-001,0,Organize
CE-000640,JL-0129,2025-12-29,Product View,PRD-001,0,Organize
CE-000641,JL-0129,2025-12-29,Product View,PRD-007,0,Organize
CE-000642,JL-0129,2026-01-13,Return,PRD-004,-34,Rest
CE-000643,JL-0130,2026-04-03,Product View,PRD-005,0,Connect
CE-000644,JL-0130,2025-07-20,Product View,PRD-001,0,Organize
CE-000645,JL-0130,2025-09-11,Product View,PRD-002,0,Move
CE-000646,JL-0131,2025-10-24,Purchase,PRD-001,19.81,Organize
CE-000647,JL-0131,2026-03-14,Product View,PRD-003,0,Nourish
CE-000648,JL-0131,2026-02-18,Add To Cart,PRD-007,0,Organize
CE-000649,JL-0131,2025-07-16,Product View,PRD-001,0,Organize
CE-000650,JL-0132,2025-12-21,Bundle Viewed,PRD-001,0,Organize
CE-000651,JL-0132,2025-06-26,Product View,PRD-002,0,Move
CE-000652,JL-0132,2026-02-12,Product View,PRD-008,0,Move
CE-000653,JL-0132,2026-02-13,Bundle Viewed,PRD-001,0,Organize
CE-000654,JL-0132,2025-11-28,Product View,PRD-006,0,Mindful
CE-000655,JL-0133,2025-06-23,Add To Cart,PRD-001,0,Organize
CE-000656,JL-0133,2025-09-19,Purchase,PRD-003,25.03,Nourish
CE-000657,JL-0133,2025-10-27,Product View,PRD-005,0,Connect
CE-000658,JL-0133,2026-04-08,Add To Cart,PRD-004,0,Rest
CE-000659,JL-0133,2026-01-04,Add To Cart,PRD-005,0,Connect
CE-000660,JL-0134,2025-09-11,Bundle Viewed,PRD-006,0,Mindful
CE-000661,JL-0134,2026-02-14,Purchase,PRD-004,30.97,Rest
CE-000662,JL-0134,2026-03-23,Add To Cart,PRD-006,0,Mindful
CE-000663,JL-0135,2025-06-16,Bundle Viewed,PRD-005,0,Connect
CE-000664,JL-0135,2026-02-05,Purchase,PRD-007,47.08,Organize
CE-000665,JL-0135,2026-03-31,Purchase,PRD-001,17.41,Organize
CE-000666,JL-0135,2025-08-16,Purchase,PRD-007,39.27,Organize
CE-000667,JL-0135,2025-07-27,Add To Cart,PRD-005,0,Connect
CE-000668,JL-0135,2026-04-18,Product View,PRD-005,0,Connect
CE-000669,JL-0135,2025-10-09,Bundle Viewed,PRD-001,0,Organize
CE-000670,JL-0136,2025-07-02,Product View,PRD-002,0,Move
CE-000671,JL-0136,2026-02-16,Product View,PRD-004,0,Rest
CE-000672,JL-0136,2026-04-09,Add To Cart,PRD-004,0,Rest
CE-000673,JL-0136,2025-08-07,Purchase,PRD-004,41.72,Rest
CE-000674,JL-0136,2025-08-22,Add To Cart,PRD-004,0,Rest
CE-000675,JL-0136,2026-03-11,Bundle Viewed,PRD-002,0,Move
CE-000676,JL-0136,2025-07-08,Return,PRD-003,-24,Nourish
CE-000677,JL-0136,2025-10-29,Product View,PRD-003,0,Nourish
CE-000678,JL-0136,2025-09-10,Add To Cart,PRD-003,0,Nourish
CE-000679,JL-0136,2026-02-05,Purchase,PRD-004,37.88,Rest
CE-000680,JL-0136,2025-09-02,Product View,PRD-004,0,Rest
CE-000681,JL-0136,2026-06-01,Add To Cart,PRD-003,0,Nourish
CE-000682,JL-0136,2026-05-26,Add To Cart,PRD-003,0,Nourish
CE-000683,JL-0136,2026-06-04,Purchase,PRD-004,36.08,Rest
CE-000684,JL-0137,2025-11-10,Purchase,PRD-004,34.82,Rest
CE-000685,JL-0137,2025-08-14,Purchase,PRD-003,25.13,Nourish
CE-000686,JL-0137,2025-10-29,Purchase,PRD-004,38.59,Rest
CE-000687,JL-0137,2025-09-28,Product View,PRD-004,0,Rest
CE-000688,JL-0138,2025-11-07,Product View,PRD-008,0,Move
CE-000689,JL-0138,2025-06-16,Purchase,PRD-006,13.14,Mindful
CE-000690,JL-0138,2026-04-17,Product View,PRD-001,0,Organize
CE-000691,JL-0138,2026-04-25,Product View,PRD-001,0,Organize
CE-000692,JL-0138,2026-01-29,Product View,PRD-005,0,Connect
CE-000693,JL-0138,2025-10-15,Return,PRD-006,-12,Mindful
CE-000694,JL-0138,2025-12-13,Product View,PRD-007,0,Organize
CE-000695,JL-0138,2025-11-10,Product View,PRD-006,0,Mindful
CE-000696,JL-0139,2025-07-26,Bundle Viewed,PRD-002,0,Move
CE-000697,JL-0139,2026-04-30,Bundle Viewed,PRD-004,0,Rest
CE-000698,JL-0139,2026-03-20,Product View,PRD-008,0,Move
CE-000699,JL-0139,2025-12-22,Purchase,PRD-002,19.4,Move
CE-000700,JL-0139,2026-03-04,Add To Cart,PRD-002,0,Move
CE-000701,JL-0139,2025-12-01,Product View,PRD-008,0,Move
CE-000702,JL-0140,2025-08-17,Add To Cart,PRD-004,0,Rest
CE-000703,JL-0140,2026-01-11,Purchase,PRD-001,20.39,Organize
CE-000704,JL-0140,2026-01-06,Add To Cart,PRD-001,0,Organize
CE-000705,JL-0140,2025-09-30,Product View,PRD-002,0,Move
CE-000706,JL-0140,2025-07-22,Product View,PRD-007,0,Organize
CE-000707,JL-0140,2025-09-29,Product View,PRD-006,0,Mindful
CE-000708,JL-0140,2026-02-01,Product View,PRD-004,0,Rest
CE-000709,JL-0140,2025-09-08,Purchase,PRD-001,18.15,Organize
CE-000710,JL-0141,2025-07-21,Product View,PRD-005,0,Connect
CE-000711,JL-0141,2026-03-06,Purchase,PRD-002,16.04,Move
CE-000712,JL-0141,2026-04-18,Bundle Viewed,PRD-008,0,Move
CE-000713,JL-0142,2025-07-24,Product View,PRD-006,0,Mindful
CE-000714,JL-0142,2025-06-22,Add To Cart,PRD-006,0,Mindful
CE-000715,JL-0142,2026-02-14,Purchase,PRD-004,37.41,Rest
CE-000716,JL-0142,2026-05-21,Product View,PRD-004,0,Rest
CE-000717,JL-0143,2025-11-11,Bundle Viewed,PRD-002,0,Move
CE-000718,JL-0143,2026-03-27,Product View,PRD-006,0,Mindful
CE-000719,JL-0143,2025-11-03,Purchase,PRD-008,42.59,Move
CE-000720,JL-0143,2026-02-14,Product View,PRD-005,0,Connect
CE-000721,JL-0143,2026-02-15,Return,PRD-003,-24,Nourish
CE-000722,JL-0143,2025-11-29,Product View,PRD-008,0,Move
CE-000723,JL-0143,2025-09-04,Purchase,PRD-002,17.58,Move
CE-000724,JL-0145,2025-07-23,Purchase,PRD-007,48.66,Organize
CE-000725,JL-0145,2025-08-29,Product View,PRD-007,0,Organize
CE-000726,JL-0145,2025-06-30,Product View,PRD-001,0,Organize
CE-000727,JL-0145,2025-12-22,Product View,PRD-007,0,Organize
CE-000728,JL-0145,2025-10-05,Purchase,PRD-008,40.94,Move
CE-000729,JL-0145,2025-06-13,Purchase,PRD-008,42.09,Move
CE-000730,JL-0146,2025-10-02,Product View,PRD-006,0,Mindful
CE-000731,JL-0147,2025-12-14,Product View,PRD-007,0,Organize
CE-000732,JL-0147,2025-08-04,Bundle Viewed,PRD-001,0,Organize
CE-000733,JL-0147,2025-06-22,Product View,PRD-007,0,Organize
CE-000734,JL-0147,2026-03-11,Product View,PRD-001,0,Organize
CE-000735,JL-0147,2026-01-28,Add To Cart,PRD-001,0,Organize
CE-000736,JL-0147,2025-08-26,Purchase,PRD-001,18.05,Organize
CE-000737,JL-0147,2025-10-25,Bundle Viewed,PRD-001,0,Organize
CE-000738,JL-0147,2025-11-17,Add To Cart,PRD-003,0,Nourish
CE-000739,JL-0147,2025-11-12,Add To Cart,PRD-007,0,Organize
CE-000740,JL-0148,2026-05-29,Product View,PRD-007,0,Organize
CE-000741,JL-0148,2025-07-25,Purchase,PRD-002,17.11,Move
CE-000742,JL-0148,2026-04-12,Purchase,PRD-001,16.53,Organize
CE-000743,JL-0148,2026-04-06,Bundle Viewed,PRD-007,0,Organize
CE-000744,JL-0148,2026-04-11,Bundle Viewed,PRD-007,0,Organize
CE-000745,JL-0148,2025-10-29,Product View,PRD-007,0,Organize
CE-000746,JL-0148,2026-04-13,Add To Cart,PRD-004,0,Rest
CE-000747,JL-0148,2026-04-04,Add To Cart,PRD-005,0,Connect
CE-000748,JL-0148,2025-10-25,Purchase,PRD-004,31.47,Rest
CE-000749,JL-0149,2026-03-29,Purchase,PRD-006,11.47,Mindful
CE-000750,JL-0149,2025-11-29,Purchase,PRD-003,27.91,Nourish
CE-000751,JL-0149,2025-07-09,Product View,PRD-006,0,Mindful
CE-000752,JL-0150,2026-02-21,Purchase,PRD-002,16.69,Move
CE-000753,JL-0150,2026-04-24,Purchase,PRD-002,18.56,Move
CE-000754,JL-0150,2026-02-25,Bundle Viewed,PRD-003,0,Nourish
CE-000755,JL-0151,2025-11-14,Purchase,PRD-007,38.2,Organize
CE-000756,JL-0151,2025-07-21,Add To Cart,PRD-005,0,Connect
CE-000757,JL-0151,2026-02-16,Add To Cart,PRD-004,0,Rest
CE-000758,JL-0151,2025-07-15,Bundle Viewed,PRD-001,0,Organize
CE-000759,JL-0151,2025-09-02,Return,PRD-004,-34,Rest
CE-000760,JL-0151,2026-03-19,Add To Cart,PRD-004,0,Rest
CE-000761,JL-0152,2025-10-14,Bundle Viewed,PRD-001,0,Organize
CE-000762,JL-0152,2025-09-22,Return,PRD-004,-34,Rest
CE-000763,JL-0152,2025-10-08,Product View,PRD-001,0,Organize
CE-000764,JL-0152,2026-05-05,Purchase,PRD-001,20.49,Organize
CE-000765,JL-0152,2026-01-23,Add To Cart,PRD-004,0,Rest
CE-000766,JL-0152,2026-06-02,Add To Cart,PRD-004,0,Rest
CE-000767,JL-0152,2025-09-09,Bundle Viewed,PRD-008,0,Move
CE-000768,JL-0152,2025-07-07,Product View,PRD-003,0,Nourish
CE-000769,JL-0152,2026-02-19,Product View,PRD-001,0,Organize
CE-000770,JL-0153,2026-03-19,Bundle Viewed,PRD-001,0,Organize
CE-000771,JL-0153,2026-03-02,Product View,PRD-005,0,Connect
CE-000772,JL-0154,2025-12-02,Product View,PRD-006,0,Mindful
CE-000773,JL-0154,2025-07-30,Bundle Viewed,PRD-001,0,Organize
CE-000774,JL-0154,2025-08-24,Purchase,PRD-007,44.16,Organize
CE-000775,JL-0154,2025-12-17,Purchase,PRD-001,16.49,Organize
CE-000776,JL-0154,2025-12-04,Bundle Viewed,PRD-006,0,Mindful
CE-000777,JL-0154,2025-12-22,Product View,PRD-006,0,Mindful
CE-000778,JL-0154,2026-05-06,Product View,PRD-001,0,Organize
CE-000779,JL-0154,2026-05-30,Add To Cart,PRD-002,0,Move
CE-000780,JL-0155,2026-04-28,Purchase,PRD-003,26.84,Nourish
CE-000781,JL-0155,2026-01-17,Product View,PRD-002,0,Move
CE-000782,JL-0155,2025-10-09,Purchase,PRD-005,9.09,Connect
CE-000783,JL-0155,2025-10-21,Bundle Viewed,PRD-003,0,Nourish
CE-000784,JL-0155,2025-11-07,Product View,PRD-007,0,Organize
CE-000785,JL-0155,2026-04-20,Product View,PRD-008,0,Move
CE-000786,JL-0156,2025-09-19,Product View,PRD-002,0,Move
CE-000787,JL-0156,2026-01-29,Add To Cart,PRD-008,0,Move
CE-000788,JL-0156,2025-12-28,Bundle Viewed,PRD-005,0,Connect
CE-000789,JL-0156,2025-11-04,Bundle Viewed,PRD-005,0,Connect
CE-000790,JL-0156,2025-08-10,Add To Cart,PRD-002,0,Move
CE-000791,JL-0156,2025-07-18,Product View,PRD-008,0,Move
CE-000792,JL-0157,2026-01-05,Product View,PRD-002,0,Move
CE-000793,JL-0157,2025-08-22,Product View,PRD-002,0,Move
CE-000794,JL-0157,2026-04-16,Bundle Viewed,PRD-008,0,Move
CE-000795,JL-0158,2026-02-10,Purchase,PRD-004,36.53,Rest
CE-000796,JL-0158,2026-02-07,Product View,PRD-007,0,Organize
CE-000797,JL-0159,2026-01-18,Product View,PRD-002,0,Move
CE-000798,JL-0159,2026-04-12,Product View,PRD-003,0,Nourish
CE-000799,JL-0159,2025-09-24,Product View,PRD-002,0,Move
CE-000800,JL-0159,2026-04-24,Product View,PRD-002,0,Move
CE-000801,JL-0159,2025-10-11,Purchase,PRD-002,16.6,Move
CE-000802,JL-0159,2025-12-31,Purchase,PRD-003,23.54,Nourish
CE-000803,JL-0160,2026-04-19,Purchase,PRD-007,51.4,Organize
CE-000804,JL-0160,2026-01-15,Return,PRD-001,-18,Organize
CE-000805,JL-0160,2026-05-30,Bundle Viewed,PRD-007,0,Organize
CE-000806,JL-0160,2026-04-12,Purchase,PRD-001,17.23,Organize
CE-000807,JL-0160,2025-08-14,Product View,PRD-001,0,Organize
CE-000808,JL-0160,2025-12-31,Product View,PRD-005,0,Connect
CE-000809,JL-0160,2025-09-01,Bundle Viewed,PRD-008,0,Move
CE-000810,JL-0160,2025-12-17,Product View,PRD-008,0,Move
CE-000811,JL-0161,2026-03-24,Purchase,PRD-001,21.32,Organize
CE-000812,JL-0161,2025-11-19,Purchase,PRD-002,18.68,Move
CE-000813,JL-0161,2026-02-17,Purchase,PRD-005,7.7,Connect
CE-000814,JL-0161,2026-02-25,Purchase,PRD-008,47.07,Move
CE-000815,JL-0161,2025-06-12,Product View,PRD-007,0,Organize
CE-000816,JL-0162,2026-02-01,Bundle Viewed,PRD-001,0,Organize
CE-000817,JL-0162,2025-08-30,Product View,PRD-008,0,Move
CE-000818,JL-0163,2025-10-24,Bundle Viewed,PRD-007,0,Organize
CE-000819,JL-0163,2025-11-21,Product View,PRD-007,0,Organize
CE-000820,JL-0163,2026-05-16,Product View,PRD-001,0,Organize
CE-000821,JL-0163,2026-04-13,Product View,PRD-005,0,Connect
CE-000822,JL-0164,2026-01-04,Add To Cart,PRD-004,0,Rest
CE-000823,JL-0164,2026-04-04,Bundle Viewed,PRD-008,0,Move
CE-000824,JL-0164,2025-11-16,Bundle Viewed,PRD-003,0,Nourish
CE-000825,JL-0164,2025-09-01,Bundle Viewed,PRD-001,0,Organize
CE-000826,JL-0164,2025-07-19,Purchase,PRD-007,43.13,Organize
CE-000827,JL-0164,2026-03-19,Bundle Viewed,PRD-002,0,Move
CE-000828,JL-0165,2025-09-02,Product View,PRD-006,0,Mindful
CE-000829,JL-0166,2025-08-27,Bundle Viewed,PRD-005,0,Connect
CE-000830,JL-0166,2025-10-12,Product View,PRD-003,0,Nourish
CE-000831,JL-0167,2026-03-26,Purchase,PRD-004,41.66,Rest
CE-000832,JL-0167,2025-12-09,Product View,PRD-004,0,Rest
CE-000833,JL-0167,2026-03-26,Purchase,PRD-004,38.88,Rest
CE-000834,JL-0167,2025-07-15,Purchase,PRD-003,28.26,Nourish
CE-000835,JL-0167,2026-01-02,Bundle Viewed,PRD-003,0,Nourish
CE-000836,JL-0167,2025-11-04,Bundle Viewed,PRD-004,0,Rest
CE-000837,JL-0167,2026-03-23,Purchase,PRD-004,34.08,Rest
CE-000838,JL-0167,2025-11-21,Bundle Viewed,PRD-004,0,Rest
CE-000839,JL-0167,2026-01-25,Purchase,PRD-004,33.31,Rest
CE-000840,JL-0167,2026-02-01,Bundle Viewed,PRD-005,0,Connect
CE-000841,JL-0168,2025-10-08,Product View,PRD-006,0,Mindful
CE-000842,JL-0168,2025-11-30,Bundle Viewed,PRD-006,0,Mindful
CE-000843,JL-0169,2026-02-09,Purchase,PRD-008,34.82,Move
CE-000844,JL-0169,2025-07-04,Add To Cart,PRD-008,0,Move
CE-000845,JL-0169,2026-02-02,Add To Cart,PRD-005,0,Connect
CE-000846,JL-0170,2025-11-10,Purchase,PRD-006,11.77,Mindful
CE-000847,JL-0170,2025-06-22,Product View,PRD-002,0,Move
CE-000848,JL-0170,2025-09-03,Add To Cart,PRD-003,0,Nourish
CE-000849,JL-0170,2026-04-08,Return,PRD-006,-12,Mindful
CE-000850,JL-0170,2026-04-22,Purchase,PRD-003,28.4,Nourish
CE-000851,JL-0170,2026-01-17,Product View,PRD-006,0,Mindful
CE-000852,JL-0170,2025-10-05,Product View,PRD-006,0,Mindful
CE-000853,JL-0170,2026-05-12,Product View,PRD-003,0,Nourish
CE-000854,JL-0171,2026-06-03,Product View,PRD-005,0,Connect
CE-000855,JL-0171,2025-10-23,Product View,PRD-006,0,Mindful
CE-000856,JL-0171,2025-07-14,Product View,PRD-005,0,Connect
CE-000857,JL-0171,2025-11-30,Purchase,PRD-006,12.41,Mindful
CE-000858,JL-0171,2026-04-14,Bundle Viewed,PRD-006,0,Mindful
CE-000859,JL-0171,2025-07-12,Product View,PRD-006,0,Mindful
CE-000860,JL-0171,2026-01-15,Bundle Viewed,PRD-005,0,Connect
CE-000861,JL-0172,2025-08-02,Product View,PRD-002,0,Move
CE-000862,JL-0172,2025-09-11,Return,PRD-008,-38,Move
CE-000863,JL-0172,2026-01-21,Bundle Viewed,PRD-008,0,Move
CE-000864,JL-0172,2026-04-15,Bundle Viewed,PRD-002,0,Move
CE-000865,JL-0172,2025-06-10,Purchase,PRD-005,8.73,Connect
CE-000866,JL-0172,2025-07-05,Add To Cart,PRD-008,0,Move
CE-000867,JL-0173,2025-12-11,Product View,PRD-004,0,Rest
CE-000868,JL-0173,2026-01-15,Bundle Viewed,PRD-002,0,Move
CE-000869,JL-0174,2025-06-08,Bundle Viewed,PRD-001,0,Organize
CE-000870,JL-0174,2026-03-11,Purchase,PRD-005,9.68,Connect
CE-000871,JL-0174,2025-08-21,Product View,PRD-005,0,Connect
CE-000872,JL-0175,2025-10-11,Purchase,PRD-004,41.82,Rest
CE-000873,JL-0175,2026-05-16,Product View,PRD-008,0,Move
CE-000874,JL-0175,2026-03-04,Product View,PRD-001,0,Organize
CE-000875,JL-0175,2025-07-31,Add To Cart,PRD-001,0,Organize
CE-000876,JL-0175,2025-11-19,Product View,PRD-001,0,Organize
CE-000877,JL-0175,2025-08-13,Purchase,PRD-007,43.41,Organize
CE-000878,JL-0175,2025-08-10,Product View,PRD-006,0,Mindful
CE-000879,JL-0176,2025-07-15,Return,PRD-003,-24,Nourish
CE-000880,JL-0176,2026-02-08,Product View,PRD-005,0,Connect
CE-000881,JL-0176,2026-06-02,Bundle Viewed,PRD-006,0,Mindful
CE-000882,JL-0176,2026-05-13,Bundle Viewed,PRD-006,0,Mindful
CE-000883,JL-0176,2025-10-04,Return,PRD-006,-12,Mindful
CE-000884,JL-0176,2026-01-05,Product View,PRD-006,0,Mindful
CE-000885,JL-0176,2025-11-25,Product View,PRD-006,0,Mindful
CE-000886,JL-0176,2025-08-04,Product View,PRD-005,0,Connect
CE-000887,JL-0176,2025-11-09,Purchase,PRD-006,12.07,Mindful
CE-000888,JL-0176,2025-08-20,Product View,PRD-006,0,Mindful
CE-000889,JL-0176,2026-04-17,Product View,PRD-008,0,Move
CE-000890,JL-0177,2026-02-06,Product View,PRD-003,0,Nourish
CE-000891,JL-0177,2026-01-10,Bundle Viewed,PRD-007,0,Organize
CE-000892,JL-0177,2025-10-04,Add To Cart,PRD-005,0,Connect
CE-000893,JL-0177,2025-12-13,Add To Cart,PRD-007,0,Organize
CE-000894,JL-0178,2025-08-03,Bundle Viewed,PRD-006,0,Mindful
CE-000895,JL-0178,2025-08-21,Purchase,PRD-005,8.44,Connect
CE-000896,JL-0178,2026-05-10,Product View,PRD-006,0,Mindful
CE-000897,JL-0178,2026-05-31,Bundle Viewed,PRD-006,0,Mindful
CE-000898,JL-0178,2026-06-05,Product View,PRD-006,0,Mindful
CE-000899,JL-0178,2025-12-17,Bundle Viewed,PRD-006,0,Mindful
CE-000900,JL-0178,2025-07-27,Add To Cart,PRD-006,0,Mindful
CE-000901,JL-0178,2025-07-03,Product View,PRD-002,0,Move
CE-000902,JL-0179,2026-03-03,Product View,PRD-004,0,Rest
CE-000903,JL-0179,2025-10-15,Product View,PRD-005,0,Connect
CE-000904,JL-0179,2025-09-03,Product View,PRD-006,0,Mindful
CE-000905,JL-0180,2026-04-04,Add To Cart,PRD-004,0,Rest
CE-000906,JL-0180,2025-10-08,Purchase,PRD-007,49.02,Organize
CE-000907,JL-0180,2026-01-06,Purchase,PRD-007,43.18,Organize
CE-000908,JL-0180,2025-09-24,Purchase,PRD-002,14.55,Move
CE-000909,JL-0181,2026-04-26,Bundle Viewed,PRD-004,0,Rest
CE-000910,JL-0181,2025-11-21,Purchase,PRD-001,18.1,Organize
CE-000911,JL-0181,2026-01-24,Product View,PRD-003,0,Nourish
CE-000912,JL-0181,2026-03-18,Product View,PRD-007,0,Organize
CE-000913,JL-0181,2026-01-29,Add To Cart,PRD-007,0,Organize
CE-000914,JL-0181,2025-07-21,Product View,PRD-006,0,Mindful
CE-000915,JL-0181,2026-03-19,Add To Cart,PRD-008,0,Move
CE-000916,JL-0181,2025-09-03,Bundle Viewed,PRD-006,0,Mindful
CE-000917,JL-0181,2026-04-20,Purchase,PRD-006,12.7,Mindful
CE-000918,JL-0182,2025-08-23,Bundle Viewed,PRD-002,0,Move
CE-000919,JL-0182,2025-12-05,Add To Cart,PRD-004,0,Rest
CE-000920,JL-0182,2026-06-03,Product View,PRD-002,0,Move
CE-000921,JL-0182,2025-08-27,Purchase,PRD-002,17.25,Move
CE-000922,JL-0182,2025-06-12,Product View,PRD-007,0,Organize
CE-000923,JL-0182,2025-11-02,Purchase,PRD-008,45.74,Move
CE-000924,JL-0183,2025-08-30,Bundle Viewed,PRD-007,0,Organize
CE-000925,JL-0183,2025-09-15,Product View,PRD-001,0,Organize
CE-000926,JL-0183,2025-09-26,Bundle Viewed,PRD-002,0,Move
CE-000927,JL-0183,2025-09-05,Bundle Viewed,PRD-003,0,Nourish
CE-000928,JL-0183,2026-06-05,Bundle Viewed,PRD-007,0,Organize
CE-000929,JL-0183,2026-05-12,Product View,PRD-003,0,Nourish
CE-000930,JL-0183,2026-05-28,Product View,PRD-002,0,Move
CE-000931,JL-0183,2025-07-09,Product View,PRD-007,0,Organize
CE-000932,JL-0183,2026-04-17,Purchase,PRD-003,22.34,Nourish
CE-000933,JL-0183,2026-02-13,Product View,PRD-002,0,Move
CE-000934,JL-0184,2025-11-26,Bundle Viewed,PRD-005,0,Connect
CE-000935,JL-0184,2025-08-26,Purchase,PRD-007,47.2,Organize
CE-000936,JL-0186,2026-06-06,Product View,PRD-005,0,Connect
CE-000937,JL-0186,2026-03-21,Product View,PRD-003,0,Nourish
CE-000938,JL-0186,2025-08-15,Bundle Viewed,PRD-002,0,Move
CE-000939,JL-0186,2025-10-11,Product View,PRD-007,0,Organize
CE-000940,JL-0186,2026-03-21,Add To Cart,PRD-002,0,Move
CE-000941,JL-0187,2025-08-02,Purchase,PRD-003,26.94,Nourish
CE-000942,JL-0187,2025-11-25,Purchase,PRD-007,40.77,Organize
CE-000943,JL-0187,2025-08-12,Purchase,PRD-003,28.04,Nourish
CE-000944,JL-0187,2025-06-16,Add To Cart,PRD-007,0,Organize
CE-000945,JL-0188,2026-02-03,Purchase,PRD-005,9.35,Connect
CE-000946,JL-0188,2025-12-20,Purchase,PRD-004,34.39,Rest
CE-000947,JL-0188,2025-08-23,Bundle Viewed,PRD-004,0,Rest
CE-000948,JL-0189,2026-03-26,Product View,PRD-005,0,Connect
CE-000949,JL-0189,2025-06-09,Purchase,PRD-002,16.35,Move
CE-000950,JL-0190,2025-12-22,Product View,PRD-006,0,Mindful
CE-000951,JL-0190,2026-05-03,Purchase,PRD-003,28.95,Nourish
CE-000952,JL-0190,2025-07-02,Product View,PRD-004,0,Rest
CE-000953,JL-0190,2026-02-14,Bundle Viewed,PRD-003,0,Nourish
CE-000954,JL-0190,2025-08-08,Product View,PRD-008,0,Move
CE-000955,JL-0190,2026-03-20,Add To Cart,PRD-005,0,Connect
CE-000956,JL-0190,2025-11-10,Purchase,PRD-004,35.77,Rest
CE-000957,JL-0190,2026-01-18,Return,PRD-004,-34,Rest
CE-000958,JL-0190,2026-04-10,Product View,PRD-003,0,Nourish
CE-000959,JL-0190,2026-05-02,Product View,PRD-004,0,Rest
CE-000960,JL-0190,2025-07-08,Product View,PRD-003,0,Nourish
CE-000961,JL-0191,2025-07-02,Bundle Viewed,PRD-005,0,Connect
CE-000962,JL-0191,2025-11-08,Product View,PRD-003,0,Nourish
CE-000963,JL-0191,2026-03-31,Purchase,PRD-005,9.69,Connect
CE-000964,JL-0191,2025-08-22,Add To Cart,PRD-003,0,Nourish
CE-000965,JL-0191,2026-05-12,Product View,PRD-005,0,Connect
CE-000966,JL-0192,2025-10-13,Product View,PRD-001,0,Organize
CE-000967,JL-0192,2025-11-27,Bundle Viewed,PRD-003,0,Nourish
CE-000968,JL-0192,2026-03-18,Add To Cart,PRD-006,0,Mindful
CE-000969,JL-0192,2025-08-24,Product View,PRD-008,0,Move
CE-000970,JL-0192,2025-07-19,Purchase,PRD-007,46.46,Organize
CE-000971,JL-0192,2026-02-17,Product View,PRD-003,0,Nourish
CE-000972,JL-0192,2026-05-06,Add To Cart,PRD-007,0,Organize
CE-000973,JL-0192,2026-02-08,Product View,PRD-001,0,Organize
CE-000974,JL-0192,2025-12-22,Add To Cart,PRD-003,0,Nourish
CE-000975,JL-0193,2025-07-02,Bundle Viewed,PRD-007,0,Organize
CE-000976,JL-0193,2025-09-02,Bundle Viewed,PRD-002,0,Move
CE-000977,JL-0193,2025-09-15,Purchase,PRD-002,19.98,Move
CE-000978,JL-0193,2026-01-28,Bundle Viewed,PRD-008,0,Move
CE-000979,JL-0193,2025-08-07,Product View,PRD-003,0,Nourish
CE-000980,JL-0193,2025-09-23,Purchase,PRD-008,39.99,Move
CE-000981,JL-0193,2026-02-01,Add To Cart,PRD-008,0,Move
CE-000982,JL-0193,2026-02-27,Purchase,PRD-002,16.03,Move
CE-000983,JL-0193,2025-11-26,Purchase,PRD-008,44.12,Move
CE-000984,JL-0193,2025-07-08,Purchase,PRD-002,17.68,Move
CE-000985,JL-0194,2026-05-30,Product View,PRD-006,0,Mindful
CE-000986,JL-0194,2026-05-03,Purchase,PRD-005,8.33,Connect
CE-000987,JL-0194,2026-03-02,Bundle Viewed,PRD-006,0,Mindful
CE-000988,JL-0194,2026-03-21,Bundle Viewed,PRD-006,0,Mindful
CE-000989,JL-0194,2025-09-23,Add To Cart,PRD-006,0,Mindful
CE-000990,JL-0195,2026-03-04,Purchase,PRD-007,47.31,Organize
CE-000991,JL-0195,2025-09-12,Return,PRD-005,-8,Connect
CE-000992,JL-0195,2026-03-02,Product View,PRD-007,0,Organize
CE-000993,JL-0195,2025-07-15,Bundle Viewed,PRD-008,0,Move
CE-000994,JL-0195,2026-05-02,Purchase,PRD-003,28.68,Nourish
CE-000995,JL-0195,2025-08-18,Product View,PRD-001,0,Organize
CE-000996,JL-0195,2025-08-03,Bundle Viewed,PRD-001,0,Organize
CE-000997,JL-0195,2025-08-26,Product View,PRD-007,0,Organize
CE-000998,JL-0196,2026-01-10,Add To Cart,PRD-001,0,Organize
CE-000999,JL-0196,2026-06-02,Product View,PRD-005,0,Connect
CE-001000,JL-0197,2025-06-11,Bundle Viewed,PRD-007,0,Organize
CE-001001,JL-0197,2026-05-11,Product View,PRD-006,0,Mindful
CE-001002,JL-0197,2025-12-18,Product View,PRD-006,0,Mindful
CE-001003,JL-0197,2025-12-26,Purchase,PRD-003,26.69,Nourish
CE-001004,JL-0198,2025-12-11,Product View,PRD-006,0,Mindful
CE-001005,JL-0198,2026-01-08,Purchase,PRD-003,27.74,Nourish
CE-001006,JL-0198,2026-02-07,Purchase,PRD-002,15.81,Move
CE-001007,JL-0198,2025-09-23,Purchase,PRD-004,34.74,Rest
CE-001008,JL-0198,2026-03-03,Product View,PRD-004,0,Rest
CE-001009,JL-0198,2025-09-22,Product View,PRD-004,0,Rest
CE-001010,JL-0198,2025-08-13,Return,PRD-006,-12,Mindful
CE-001011,JL-0199,2026-04-05,Purchase,PRD-008,38.02,Move
CE-001012,JL-0200,2025-06-19,Product View,PRD-007,0,Organize
CE-001013,JL-0200,2025-10-17,Purchase,PRD-002,16.09,Move
CE-001014,JL-0200,2025-10-14,Product View,PRD-007,0,Organize
CE-001015,JL-0201,2026-05-04,Bundle Viewed,PRD-002,0,Move
CE-001016,JL-0201,2025-09-26,Product View,PRD-003,0,Nourish
CE-001017,JL-0201,2025-09-13,Purchase,PRD-008,34.49,Move
CE-001018,JL-0201,2026-03-15,Purchase,PRD-008,34.74,Move
CE-001019,JL-0201,2026-01-05,Product View,PRD-004,0,Rest
CE-001020,JL-0202,2025-11-25,Product View,PRD-008,0,Move
CE-001021,JL-0202,2025-08-22,Product View,PRD-005,0,Connect
CE-001022,JL-0203,2025-07-07,Bundle Viewed,PRD-007,0,Organize
CE-001023,JL-0203,2025-10-23,Product View,PRD-003,0,Nourish
CE-001024,JL-0203,2026-01-22,Return,PRD-002,-16,Move
CE-001025,JL-0203,2026-03-21,Purchase,PRD-006,12.55,Mindful
CE-001026,JL-0203,2025-07-23,Bundle Viewed,PRD-007,0,Organize
CE-001027,JL-0203,2026-05-11,Product View,PRD-006,0,Mindful
CE-001028,JL-0204,2026-02-02,Add To Cart,PRD-004,0,Rest
CE-001029,JL-0204,2025-11-12,Product View,PRD-004,0,Rest
CE-001030,JL-0204,2025-11-30,Product View,PRD-005,0,Connect
CE-001031,JL-0204,2025-09-10,Add To Cart,PRD-005,0,Connect
CE-001032,JL-0204,2026-01-24,Bundle Viewed,PRD-004,0,Rest
CE-001033,JL-0204,2025-08-09,Add To Cart,PRD-006,0,Mindful
CE-001034,JL-0204,2026-06-04,Bundle Viewed,PRD-004,0,Rest
CE-001035,JL-0205,2025-11-07,Product View,PRD-002,0,Move
CE-001036,JL-0205,2026-05-04,Product View,PRD-008,0,Move
CE-001037,JL-0205,2026-04-15,Product View,PRD-001,0,Organize
CE-001038,JL-0206,2025-07-09,Product View,PRD-001,0,Organize
CE-001039,JL-0206,2025-07-07,Bundle Viewed,PRD-005,0,Connect
CE-001040,JL-0206,2026-01-10,Purchase,PRD-001,21.94,Organize
CE-001041,JL-0206,2026-05-04,Return,PRD-007,-42,Organize
CE-001042,JL-0206,2025-09-14,Product View,PRD-007,0,Organize
CE-001043,JL-0206,2025-06-10,Return,PRD-001,-18,Organize
CE-001044,JL-0206,2026-06-06,Purchase,PRD-003,25.52,Nourish
CE-001045,JL-0207,2026-02-10,Purchase,PRD-002,17.14,Move
CE-001046,JL-0207,2025-06-10,Bundle Viewed,PRD-008,0,Move
CE-001047,JL-0207,2026-04-08,Product View,PRD-007,0,Organize
CE-001048,JL-0207,2026-04-29,Product View,PRD-002,0,Move
CE-001049,JL-0208,2025-06-19,Add To Cart,PRD-007,0,Organize
CE-001050,JL-0208,2025-09-11,Purchase,PRD-006,12.42,Mindful
CE-001051,JL-0208,2025-06-20,Product View,PRD-007,0,Organize
CE-001052,JL-0208,2025-09-24,Product View,PRD-001,0,Organize
CE-001053,JL-0209,2026-03-08,Product View,PRD-004,0,Rest
CE-001054,JL-0209,2026-03-31,Product View,PRD-003,0,Nourish
CE-001055,JL-0209,2026-04-08,Add To Cart,PRD-007,0,Organize
CE-001056,JL-0209,2025-08-08,Add To Cart,PRD-002,0,Move
CE-001057,JL-0210,2026-05-13,Add To Cart,PRD-004,0,Rest
CE-001058,JL-0210,2025-11-07,Product View,PRD-002,0,Move
CE-001059,JL-0211,2025-09-23,Product View,PRD-004,0,Rest
CE-001060,JL-0211,2026-04-14,Bundle Viewed,PRD-005,0,Connect
CE-001061,JL-0211,2026-03-02,Bundle Viewed,PRD-004,0,Rest
CE-001062,JL-0211,2026-01-05,Add To Cart,PRD-005,0,Connect
CE-001063,JL-0211,2025-08-19,Return,PRD-004,-34,Rest
CE-001064,JL-0211,2025-12-29,Product View,PRD-004,0,Rest
CE-001065,JL-0212,2026-05-16,Product View,PRD-004,0,Rest
CE-001066,JL-0212,2025-09-06,Product View,PRD-007,0,Organize
CE-001067,JL-0212,2025-07-02,Product View,PRD-004,0,Rest
CE-001068,JL-0212,2026-01-17,Product View,PRD-004,0,Rest
CE-001069,JL-0213,2026-03-16,Bundle Viewed,PRD-003,0,Nourish
CE-001070,JL-0213,2026-02-11,Purchase,PRD-002,19.72,Move
CE-001071,JL-0213,2025-08-21,Bundle Viewed,PRD-008,0,Move
CE-001072,JL-0213,2026-03-30,Product View,PRD-002,0,Move
CE-001073,JL-0213,2026-02-20,Add To Cart,PRD-008,0,Move
CE-001074,JL-0214,2025-07-24,Bundle Viewed,PRD-005,0,Connect
CE-001075,JL-0214,2025-09-23,Add To Cart,PRD-007,0,Organize
CE-001076,JL-0214,2025-11-29,Add To Cart,PRD-007,0,Organize
CE-001077,JL-0214,2025-10-03,Add To Cart,PRD-001,0,Organize
CE-001078,JL-0214,2025-11-27,Add To Cart,PRD-001,0,Organize
CE-001079,JL-0214,2025-06-29,Bundle Viewed,PRD-005,0,Connect
CE-001080,JL-0214,2025-07-01,Purchase,PRD-007,42.48,Organize
CE-001081,JL-0214,2025-08-04,Purchase,PRD-007,39.64,Organize
CE-001082,JL-0215,2026-04-13,Product View,PRD-003,0,Nourish
CE-001083,JL-0215,2025-12-19,Bundle Viewed,PRD-008,0,Move
CE-001084,JL-0215,2025-10-31,Add To Cart,PRD-001,0,Organize
CE-001085,JL-0215,2026-03-16,Bundle Viewed,PRD-005,0,Connect
CE-001086,JL-0215,2026-01-23,Add To Cart,PRD-002,0,Move
CE-001087,JL-0216,2025-09-25,Product View,PRD-006,0,Mindful
CE-001088,JL-0216,2026-03-08,Return,PRD-004,-34,Rest
CE-001089,JL-0216,2026-02-03,Product View,PRD-006,0,Mindful
CE-001090,JL-0217,2025-09-05,Purchase,PRD-006,13.59,Mindful
CE-001091,JL-0217,2025-09-19,Add To Cart,PRD-005,0,Connect
CE-001092,JL-0217,2025-11-17,Purchase,PRD-006,12.85,Mindful
CE-001093,JL-0217,2025-08-16,Bundle Viewed,PRD-005,0,Connect
CE-001094,JL-0217,2026-02-17,Purchase,PRD-006,13.89,Mindful
CE-001095,JL-0217,2026-03-06,Add To Cart,PRD-006,0,Mindful
CE-001096,JL-0217,2026-02-12,Bundle Viewed,PRD-008,0,Move
CE-001097,JL-0218,2026-01-03,Product View,PRD-004,0,Rest
CE-001098,JL-0218,2025-11-18,Purchase,PRD-005,8.23,Connect
CE-001099,JL-0218,2026-04-02,Product View,PRD-005,0,Connect
CE-001100,JL-0218,2026-04-12,Product View,PRD-004,0,Rest
CE-001101,JL-0218,2026-01-11,Bundle Viewed,PRD-004,0,Rest
CE-001102,JL-0218,2025-11-21,Add To Cart,PRD-008,0,Move
CE-001103,JL-0219,2025-12-21,Add To Cart,PRD-007,0,Organize
CE-001104,JL-0219,2025-09-15,Purchase,PRD-003,27.75,Nourish
CE-001105,JL-0219,2025-08-03,Product View,PRD-003,0,Nourish
CE-001106,JL-0219,2026-04-17,Bundle Viewed,PRD-001,0,Organize
CE-001107,JL-0219,2025-11-07,Purchase,PRD-007,45.24,Organize
CE-001108,JL-0219,2025-10-07,Purchase,PRD-002,15.78,Move
CE-001109,JL-0220,2026-04-13,Product View,PRD-008,0,Move
CE-001110,JL-0220,2025-10-12,Bundle Viewed,PRD-008,0,Move
CE-001111,JL-0220,2026-02-11,Product View,PRD-002,0,Move
CE-001112,JL-0220,2025-09-11,Product View,PRD-002,0,Move
CE-001113,JL-0220,2025-12-04,Add To Cart,PRD-008,0,Move
CE-001114,JL-0220,2025-12-09,Product View,PRD-004,0,Rest
CE-001115,JL-0220,2026-05-06,Bundle Viewed,PRD-004,0,Rest
CE-001116,JL-0220,2025-08-25,Add To Cart,PRD-004,0,Rest
CE-001117,JL-0220,2025-10-03,Product View,PRD-004,0,Rest
CE-001118,JL-0220,2025-10-05,Bundle Viewed,PRD-006,0,Mindful
CE-001119,JL-0221,2026-05-15,Bundle Viewed,PRD-006,0,Mindful
CE-001120,JL-0221,2026-02-15,Purchase,PRD-006,14.86,Mindful
CE-001121,JL-0221,2025-11-02,Purchase,PRD-006,13.94,Mindful
CE-001122,JL-0221,2025-06-28,Purchase,PRD-006,12.72,Mindful
CE-001123,JL-0221,2025-10-05,Purchase,PRD-003,29.24,Nourish
CE-001124,JL-0221,2026-05-10,Bundle Viewed,PRD-005,0,Connect
CE-001125,JL-0221,2026-05-28,Product View,PRD-006,0,Mindful
CE-001126,JL-0221,2025-12-14,Purchase,PRD-003,25.03,Nourish
CE-001127,JL-0222,2025-10-12,Add To Cart,PRD-003,0,Nourish
CE-001128,JL-0222,2025-08-20,Add To Cart,PRD-007,0,Organize
CE-001129,JL-0222,2025-09-18,Purchase,PRD-001,21.14,Organize
CE-001130,JL-0222,2026-02-06,Bundle Viewed,PRD-001,0,Organize
CE-001131,JL-0222,2026-05-06,Purchase,PRD-003,23.69,Nourish
CE-001132,JL-0223,2025-07-31,Add To Cart,PRD-005,0,Connect
CE-001133,JL-0223,2025-12-21,Add To Cart,PRD-006,0,Mindful
CE-001134,JL-0224,2025-10-28,Bundle Viewed,PRD-008,0,Move
CE-001135,JL-0224,2025-08-02,Bundle Viewed,PRD-003,0,Nourish
CE-001136,JL-0224,2026-03-07,Add To Cart,PRD-003,0,Nourish
CE-001137,JL-0225,2025-06-12,Add To Cart,PRD-005,0,Connect
CE-001138,JL-0225,2025-06-12,Purchase,PRD-005,8.89,Connect
CE-001139,JL-0225,2026-02-19,Bundle Viewed,PRD-002,0,Move
CE-001140,JL-0225,2025-07-24,Product View,PRD-005,0,Connect
CE-001141,JL-0226,2025-06-13,Product View,PRD-007,0,Organize
CE-001142,JL-0226,2025-07-28,Purchase,PRD-001,16.7,Organize
CE-001143,JL-0226,2025-06-18,Add To Cart,PRD-002,0,Move
CE-001144,JL-0226,2025-12-19,Product View,PRD-007,0,Organize
CE-001145,JL-0226,2025-12-26,Bundle Viewed,PRD-002,0,Move
CE-001146,JL-0226,2026-05-01,Product View,PRD-002,0,Move
CE-001147,JL-0226,2025-07-28,Product View,PRD-008,0,Move
CE-001148,JL-0226,2025-07-10,Product View,PRD-002,0,Move
CE-001149,JL-0226,2026-03-04,Product View,PRD-006,0,Mindful
CE-001150,JL-0227,2025-06-14,Bundle Viewed,PRD-004,0,Rest
CE-001151,JL-0227,2025-12-14,Product View,PRD-003,0,Nourish
CE-001152,JL-0227,2025-12-26,Bundle Viewed,PRD-004,0,Rest
CE-001153,JL-0227,2025-12-12,Product View,PRD-003,0,Nourish
CE-001154,JL-0227,2025-08-05,Product View,PRD-007,0,Organize
CE-001155,JL-0227,2025-07-17,Add To Cart,PRD-004,0,Rest
CE-001156,JL-0228,2025-11-08,Purchase,PRD-003,21.62,Nourish
CE-001157,JL-0228,2026-01-17,Return,PRD-003,-24,Nourish
CE-001158,JL-0228,2025-12-19,Product View,PRD-003,0,Nourish
CE-001159,JL-0228,2026-03-22,Add To Cart,PRD-005,0,Connect
CE-001160,JL-0228,2025-08-05,Bundle Viewed,PRD-006,0,Mindful
CE-001161,JL-0228,2025-10-02,Purchase,PRD-003,29.14,Nourish
CE-001162,JL-0229,2026-06-02,Purchase,PRD-006,13.97,Mindful
CE-001163,JL-0229,2025-12-09,Product View,PRD-006,0,Mindful
CE-001164,JL-0229,2026-06-03,Product View,PRD-006,0,Mindful
CE-001165,JL-0229,2025-09-27,Purchase,PRD-001,17.4,Organize
CE-001166,JL-0229,2026-01-13,Purchase,PRD-002,18.44,Move
CE-001167,JL-0229,2026-06-07,Return,PRD-005,-8,Connect
CE-001168,JL-0229,2026-03-16,Product View,PRD-008,0,Move
CE-001169,JL-0229,2025-07-05,Purchase,PRD-007,39.02,Organize
CE-001170,JL-0230,2026-05-22,Bundle Viewed,PRD-004,0,Rest
CE-001171,JL-0230,2026-02-14,Add To Cart,PRD-004,0,Rest
CE-001172,JL-0230,2026-02-07,Purchase,PRD-004,41.05,Rest
CE-001173,JL-0230,2026-02-05,Purchase,PRD-006,12.33,Mindful
CE-001174,JL-0230,2025-06-19,Purchase,PRD-008,34.23,Move
CE-001175,JL-0230,2026-05-13,Bundle Viewed,PRD-006,0,Mindful
CE-001176,JL-0230,2025-06-21,Purchase,PRD-004,33.39,Rest
CE-001177,JL-0230,2025-09-14,Add To Cart,PRD-004,0,Rest
CE-001178,JL-0230,2025-12-04,Product View,PRD-006,0,Mindful
CE-001179,JL-0230,2025-12-15,Product View,PRD-004,0,Rest
CE-001180,JL-0230,2025-08-06,Product View,PRD-004,0,Rest
CE-001181,JL-0230,2026-05-22,Bundle Viewed,PRD-006,0,Mindful
CE-001182,JL-0231,2025-11-01,Product View,PRD-002,0,Move
CE-001183,JL-0231,2025-09-29,Bundle Viewed,PRD-001,0,Organize
CE-001184,JL-0231,2026-01-24,Purchase,PRD-007,49.67,Organize
CE-001185,JL-0231,2026-03-30,Product View,PRD-008,0,Move
CE-001186,JL-0231,2026-02-09,Bundle Viewed,PRD-002,0,Move
CE-001187,JL-0231,2025-08-23,Purchase,PRD-001,22.45,Organize
CE-001188,JL-0232,2025-10-25,Bundle Viewed,PRD-003,0,Nourish
CE-001189,JL-0232,2025-11-07,Product View,PRD-006,0,Mindful
CE-001190,JL-0232,2025-06-18,Purchase,PRD-007,40.8,Organize
CE-001191,JL-0232,2025-06-13,Add To Cart,PRD-006,0,Mindful
CE-001192,JL-0232,2026-01-20,Return,PRD-001,-18,Organize
CE-001193,JL-0232,2026-01-27,Purchase,PRD-004,35.52,Rest
CE-001194,JL-0232,2025-06-22,Add To Cart,PRD-004,0,Rest
CE-001195,JL-0232,2026-03-14,Bundle Viewed,PRD-006,0,Mindful
CE-001196,JL-0232,2026-04-06,Bundle Viewed,PRD-003,0,Nourish
CE-001197,JL-0232,2025-10-13,Product View,PRD-003,0,Nourish
CE-001198,JL-0232,2026-05-28,Product View,PRD-006,0,Mindful
CE-001199,JL-0233,2025-10-10,Product View,PRD-004,0,Rest
CE-001200,JL-0233,2025-08-16,Purchase,PRD-004,41.08,Rest
CE-001201,JL-0233,2026-03-31,Purchase,PRD-006,13.45,Mindful
CE-001202,JL-0233,2025-06-19,Add To Cart,PRD-004,0,Rest
CE-001203,JL-0233,2026-03-22,Purchase,PRD-006,13.62,Mindful
CE-001204,JL-0234,2026-01-29,Bundle Viewed,PRD-001,0,Organize
CE-001205,JL-0234,2025-06-27,Purchase,PRD-003,21.83,Nourish
CE-001206,JL-0234,2026-06-04,Product View,PRD-003,0,Nourish
CE-001207,JL-0234,2025-09-01,Product View,PRD-005,0,Connect
CE-001208,JL-0234,2025-11-21,Bundle Viewed,PRD-003,0,Nourish
CE-001209,JL-0234,2025-12-12,Bundle Viewed,PRD-003,0,Nourish
CE-001210,JL-0235,2026-05-22,Product View,PRD-004,0,Rest
CE-001211,JL-0235,2026-06-07,Purchase,PRD-004,38.41,Rest
CE-001212,JL-0235,2026-01-10,Bundle Viewed,PRD-004,0,Rest
CE-001213,JL-0235,2025-08-19,Purchase,PRD-006,14.24,Mindful
CE-001214,JL-0235,2025-11-12,Product View,PRD-004,0,Rest
CE-001215,JL-0235,2025-08-24,Product View,PRD-008,0,Move
CE-001216,JL-0236,2026-03-01,Product View,PRD-006,0,Mindful
CE-001217,JL-0236,2026-04-22,Add To Cart,PRD-005,0,Connect
CE-001218,JL-0236,2026-01-17,Purchase,PRD-006,11.43,Mindful
CE-001219,JL-0236,2026-01-30,Product View,PRD-005,0,Connect
CE-001220,JL-0236,2026-01-02,Add To Cart,PRD-005,0,Connect
CE-001221,JL-0236,2025-06-17,Purchase,PRD-005,8.42,Connect
CE-001222,JL-0236,2025-07-29,Bundle Viewed,PRD-005,0,Connect
CE-001223,JL-0236,2025-09-17,Purchase,PRD-005,9.81,Connect
CE-001224,JL-0236,2025-10-11,Purchase,PRD-006,14.3,Mindful
CE-001225,JL-0236,2026-02-16,Add To Cart,PRD-005,0,Connect
CE-001226,JL-0237,2025-07-10,Product View,PRD-003,0,Nourish
CE-001227,JL-0237,2025-11-01,Product View,PRD-008,0,Move
CE-001228,JL-0237,2025-11-07,Bundle Viewed,PRD-003,0,Nourish
CE-001229,JL-0237,2025-11-16,Product View,PRD-008,0,Move
CE-001230,JL-0237,2025-11-01,Purchase,PRD-002,16.49,Move
CE-001231,JL-0237,2026-04-09,Bundle Viewed,PRD-003,0,Nourish
CE-001232,JL-0238,2026-01-25,Bundle Viewed,PRD-008,0,Move
CE-001233,JL-0238,2026-04-08,Product View,PRD-008,0,Move
CE-001234,JL-0238,2025-09-12,Return,PRD-002,-16,Move
CE-001235,JL-0238,2026-01-04,Purchase,PRD-002,14.93,Move
CE-001236,JL-0238,2026-03-23,Purchase,PRD-008,46.21,Move
CE-001237,JL-0238,2025-06-09,Product View,PRD-004,0,Rest
CE-001238,JL-0238,2025-06-08,Product View,PRD-002,0,Move
CE-001239,JL-0238,2026-03-17,Product View,PRD-006,0,Mindful
CE-001240,JL-0238,2025-11-16,Product View,PRD-002,0,Move
CE-001241,JL-0239,2026-06-02,Product View,PRD-002,0,Move
CE-001242,JL-0239,2026-03-11,Add To Cart,PRD-008,0,Move
CE-001243,JL-0239,2025-07-13,Product View,PRD-004,0,Rest
CE-001244,JL-0239,2025-06-24,Purchase,PRD-008,41.67,Move
CE-001245,JL-0239,2026-03-16,Add To Cart,PRD-004,0,Rest
CE-001246,JL-0239,2026-02-01,Bundle Viewed,PRD-003,0,Nourish
CE-001247,JL-0240,2025-11-21,Product View,PRD-008,0,Move
CE-001248,JL-0240,2026-03-27,Bundle Viewed,PRD-007,0,Organize
CE-001249,JL-0241,2026-05-20,Bundle Viewed,PRD-002,0,Move
CE-001250,JL-0241,2026-03-20,Product View,PRD-001,0,Organize
CE-001251,JL-0242,2026-05-04,Product View,PRD-005,0,Connect
CE-001252,JL-0242,2025-10-31,Bundle Viewed,PRD-005,0,Connect
CE-001253,JL-0242,2025-11-02,Purchase,PRD-006,11.56,Mindful
CE-001254,JL-0243,2025-08-08,Bundle Viewed,PRD-001,0,Organize
CE-001255,JL-0243,2025-11-14,Add To Cart,PRD-005,0,Connect
CE-001256,JL-0243,2026-01-15,Product View,PRD-001,0,Organize
CE-001257,JL-0243,2025-06-14,Product View,PRD-004,0,Rest
CE-001258,JL-0244,2026-03-27,Product View,PRD-002,0,Move
CE-001259,JL-0244,2025-12-28,Product View,PRD-003,0,Nourish
CE-001260,JL-0244,2026-05-27,Purchase,PRD-003,26.48,Nourish
CE-001261,JL-0245,2025-07-21,Product View,PRD-001,0,Organize
CE-001262,JL-0245,2025-10-29,Purchase,PRD-004,35.68,Rest
CE-001263,JL-0245,2026-03-05,Product View,PRD-004,0,Rest
CE-001264,JL-0246,2026-01-01,Bundle Viewed,PRD-003,0,Nourish
CE-001265,JL-0246,2025-11-05,Bundle Viewed,PRD-002,0,Move
CE-001266,JL-0246,2026-05-13,Product View,PRD-004,0,Rest
CE-001267,JL-0246,2026-03-03,Product View,PRD-004,0,Rest
CE-001268,JL-0247,2026-02-21,Bundle Viewed,PRD-004,0,Rest
CE-001269,JL-0247,2025-09-03,Purchase,PRD-003,29.2,Nourish
CE-001270,JL-0248,2025-06-20,Bundle Viewed,PRD-003,0,Nourish
CE-001271,JL-0248,2025-08-10,Product View,PRD-004,0,Rest
CE-001272,JL-0248,2025-11-19,Bundle Viewed,PRD-005,0,Connect
CE-001273,JL-0248,2025-11-05,Bundle Viewed,PRD-008,0,Move
CE-001274,JL-0248,2025-08-14,Bundle Viewed,PRD-006,0,Mindful
CE-001275,JL-0248,2025-12-07,Bundle Viewed,PRD-002,0,Move
CE-001276,JL-0249,2026-02-27,Product View,PRD-002,0,Move
CE-001277,JL-0249,2026-01-05,Purchase,PRD-004,31.56,Rest
CE-001278,JL-0249,2025-09-06,Add To Cart,PRD-002,0,Move
CE-001279,JL-0249,2025-06-08,Bundle Viewed,PRD-007,0,Organize
CE-001280,JL-0249,2025-10-24,Purchase,PRD-004,33.27,Rest
CE-001281,JL-0249,2026-02-19,Product View,PRD-008,0,Move
CE-001282,JL-0250,2026-02-06,Purchase,PRD-008,47.46,Move
CE-001283,JL-0250,2025-11-07,Purchase,PRD-002,15.44,Move
CE-001284,JL-0250,2025-09-28,Purchase,PRD-008,43.39,Move
CE-001285,JL-0250,2025-10-23,Product View,PRD-005,0,Connect
CE-001286,JL-0250,2025-12-13,Product View,PRD-008,0,Move
CE-001287,JL-0250,2025-08-09,Product View,PRD-003,0,Nourish
CE-001288,JL-0250,2025-08-09,Add To Cart,PRD-008,0,Move
CE-001289,JL-0252,2026-01-12,Product View,PRD-007,0,Organize
CE-001290,JL-0252,2026-04-08,Product View,PRD-005,0,Connect
CE-001291,JL-0253,2026-04-25,Add To Cart,PRD-002,0,Move
CE-001292,JL-0253,2026-02-22,Add To Cart,PRD-007,0,Organize
CE-001293,JL-0253,2025-11-26,Product View,PRD-008,0,Move
CE-001294,JL-0253,2026-01-22,Add To Cart,PRD-002,0,Move
CE-001295,JL-0253,2025-08-18,Bundle Viewed,PRD-005,0,Connect
CE-001296,JL-0253,2026-04-27,Product View,PRD-008,0,Move
CE-001297,JL-0253,2025-08-06,Add To Cart,PRD-002,0,Move
CE-001298,JL-0254,2026-04-26,Purchase,PRD-003,24.66,Nourish
CE-001299,JL-0254,2026-02-14,Product View,PRD-003,0,Nourish
CE-001300,JL-0254,2025-10-23,Add To Cart,PRD-004,0,Rest
CE-001301,JL-0254,2026-03-03,Product View,PRD-008,0,Move
CE-001302,JL-0254,2025-06-16,Purchase,PRD-008,46.19,Move
CE-001303,JL-0254,2026-01-16,Purchase,PRD-002,15.92,Move
CE-001304,JL-0254,2025-08-28,Bundle Viewed,PRD-004,0,Rest
CE-001305,JL-0254,2026-03-22,Product View,PRD-006,0,Mindful
CE-001306,JL-0255,2025-09-18,Bundle Viewed,PRD-006,0,Mindful
CE-001307,JL-0255,2025-08-10,Product View,PRD-005,0,Connect
CE-001308,JL-0255,2025-11-30,Purchase,PRD-003,24.52,Nourish
CE-001309,JL-0255,2026-02-23,Add To Cart,PRD-005,0,Connect
CE-001310,JL-0255,2026-06-06,Purchase,PRD-004,40.23,Rest
CE-001311,JL-0255,2025-08-20,Product View,PRD-007,0,Organize
CE-001312,JL-0255,2026-01-19,Bundle Viewed,PRD-005,0,Connect
CE-001313,JL-0255,2026-01-18,Purchase,PRD-004,36.2,Rest
CE-001314,JL-0256,2025-11-02,Purchase,PRD-008,43.75,Move
CE-001315,JL-0256,2025-06-15,Product View,PRD-004,0,Rest
CE-001316,JL-0256,2025-12-01,Product View,PRD-005,0,Connect
CE-001317,JL-0256,2025-12-25,Product View,PRD-003,0,Nourish
CE-001318,JL-0257,2025-12-13,Product View,PRD-006,0,Mindful
CE-001319,JL-0257,2026-05-31,Purchase,PRD-008,39.54,Move
CE-001320,JL-0257,2026-01-07,Purchase,PRD-006,11.64,Mindful
CE-001321,JL-0257,2025-11-17,Purchase,PRD-006,14.54,Mindful
CE-001322,JL-0257,2025-10-30,Bundle Viewed,PRD-006,0,Mindful
CE-001323,JL-0257,2026-06-05,Bundle Viewed,PRD-007,0,Organize
CE-001324,JL-0257,2025-10-09,Product View,PRD-007,0,Organize
CE-001325,JL-0257,2026-05-02,Product View,PRD-004,0,Rest
CE-001326,JL-0257,2026-01-29,Purchase,PRD-004,37.11,Rest
CE-001327,JL-0258,2026-01-19,Return,PRD-003,-24,Nourish
CE-001328,JL-0258,2025-08-08,Product View,PRD-003,0,Nourish
CE-001329,JL-0259,2025-07-07,Purchase,PRD-007,49.56,Organize
CE-001330,JL-0259,2025-12-05,Purchase,PRD-007,50.22,Organize
CE-001331,JL-0259,2026-02-12,Purchase,PRD-007,45.79,Organize
CE-001332,JL-0259,2026-03-19,Add To Cart,PRD-001,0,Organize
CE-001333,JL-0259,2025-12-16,Product View,PRD-001,0,Organize
CE-001334,JL-0259,2025-12-22,Purchase,PRD-001,18.08,Organize
CE-001335,JL-0259,2026-01-06,Add To Cart,PRD-007,0,Organize
CE-001336,JL-0259,2025-08-03,Product View,PRD-007,0,Organize
CE-001337,JL-0259,2026-03-20,Add To Cart,PRD-003,0,Nourish
CE-001338,JL-0259,2026-04-19,Product View,PRD-007,0,Organize
CE-001339,JL-0259,2025-11-06,Purchase,PRD-003,27.21,Nourish
CE-001340,JL-0260,2025-09-15,Product View,PRD-005,0,Connect
CE-001341,JL-0260,2025-07-22,Add To Cart,PRD-004,0,Rest
CE-001342,JL-0261,2026-05-13,Return,PRD-007,-42,Organize
CE-001343,JL-0261,2026-04-10,Product View,PRD-001,0,Organize
CE-001344,JL-0261,2025-11-01,Purchase,PRD-008,38.51,Move
CE-001345,JL-0261,2025-09-14,Add To Cart,PRD-007,0,Organize
CE-001346,JL-0261,2025-12-22,Product View,PRD-004,0,Rest
CE-001347,JL-0261,2025-12-20,Purchase,PRD-003,24.49,Nourish
CE-001348,JL-0261,2025-12-12,Add To Cart,PRD-001,0,Organize
CE-001349,JL-0261,2025-07-15,Bundle Viewed,PRD-005,0,Connect
CE-001350,JL-0261,2025-07-13,Add To Cart,PRD-007,0,Organize
CE-001351,JL-0262,2025-09-14,Purchase,PRD-001,17.96,Organize
CE-001352,JL-0262,2026-03-03,Purchase,PRD-001,16.84,Organize
CE-001353,JL-0263,2025-08-11,Purchase,PRD-008,43.72,Move
CE-001354,JL-0263,2026-04-27,Bundle Viewed,PRD-003,0,Nourish
CE-001355,JL-0263,2025-09-07,Purchase,PRD-003,25.48,Nourish
CE-001356,JL-0264,2026-01-10,Add To Cart,PRD-004,0,Rest
CE-001357,JL-0264,2026-05-12,Product View,PRD-007,0,Organize
CE-001358,JL-0264,2026-01-12,Purchase,PRD-005,9.99,Connect
CE-001359,JL-0265,2025-07-20,Purchase,PRD-004,39.33,Rest
CE-001360,JL-0265,2026-03-25,Return,PRD-004,-34,Rest
CE-001361,JL-0266,2025-08-25,Product View,PRD-008,0,Move
CE-001362,JL-0266,2025-12-24,Product View,PRD-004,0,Rest
CE-001363,JL-0266,2025-06-16,Add To Cart,PRD-002,0,Move
CE-001364,JL-0266,2026-04-15,Bundle Viewed,PRD-008,0,Move
CE-001365,JL-0266,2025-08-31,Product View,PRD-008,0,Move
CE-001366,JL-0266,2025-11-18,Purchase,PRD-002,18.96,Move
CE-001367,JL-0266,2025-09-25,Product View,PRD-008,0,Move
CE-001368,JL-0266,2025-10-31,Product View,PRD-004,0,Rest
CE-001369,JL-0266,2026-03-09,Product View,PRD-002,0,Move
CE-001370,JL-0267,2025-09-06,Purchase,PRD-005,9.56,Connect
CE-001371,JL-0267,2026-01-17,Purchase,PRD-005,9.72,Connect
CE-001372,JL-0267,2025-11-23,Purchase,PRD-005,7.76,Connect
CE-001373,JL-0267,2026-03-07,Purchase,PRD-007,44.62,Organize
CE-001374,JL-0268,2026-04-17,Add To Cart,PRD-005,0,Connect
CE-001375,JL-0268,2026-06-06,Add To Cart,PRD-005,0,Connect
CE-001376,JL-0268,2026-04-25,Bundle Viewed,PRD-007,0,Organize
CE-001377,JL-0268,2026-03-13,Bundle Viewed,PRD-006,0,Mindful
CE-001378,JL-0268,2025-10-01,Product View,PRD-006,0,Mindful
CE-001379,JL-0268,2026-02-05,Purchase,PRD-006,14.12,Mindful
CE-001380,JL-0269,2025-08-11,Product View,PRD-005,0,Connect
CE-001381,JL-0269,2025-10-01,Bundle Viewed,PRD-004,0,Rest
CE-001382,JL-0269,2026-05-14,Purchase,PRD-004,36.9,Rest
CE-001383,JL-0269,2026-03-22,Product View,PRD-001,0,Organize
CE-001384,JL-0269,2026-05-28,Bundle Viewed,PRD-008,0,Move
CE-001385,JL-0270,2025-07-04,Bundle Viewed,PRD-004,0,Rest
CE-001386,JL-0270,2026-05-26,Purchase,PRD-001,19.7,Organize
CE-001387,JL-0270,2025-12-17,Product View,PRD-004,0,Rest
CE-001388,JL-0270,2025-06-12,Add To Cart,PRD-004,0,Rest
CE-001389,JL-0270,2025-06-27,Add To Cart,PRD-004,0,Rest
CE-001390,JL-0270,2026-05-17,Purchase,PRD-008,35.36,Move
CE-001391,JL-0270,2025-09-13,Purchase,PRD-008,39.32,Move
CE-001392,JL-0271,2026-04-14,Add To Cart,PRD-006,0,Mindful
CE-001393,JL-0271,2025-08-09,Purchase,PRD-008,45.16,Move
CE-001394,JL-0271,2026-03-03,Purchase,PRD-003,23.39,Nourish
CE-001395,JL-0272,2025-06-30,Bundle Viewed,PRD-003,0,Nourish
CE-001396,JL-0272,2026-03-29,Bundle Viewed,PRD-004,0,Rest
CE-001397,JL-0272,2026-02-01,Purchase,PRD-003,24.46,Nourish
CE-001398,JL-0272,2025-12-14,Purchase,PRD-003,24.88,Nourish
CE-001399,JL-0272,2025-11-23,Purchase,PRD-005,8.97,Connect
CE-001400,JL-0272,2025-10-06,Bundle Viewed,PRD-004,0,Rest
CE-001401,JL-0272,2025-11-14,Add To Cart,PRD-003,0,Nourish
CE-001402,JL-0272,2026-01-18,Add To Cart,PRD-003,0,Nourish
CE-001403,JL-0273,2025-11-19,Product View,PRD-007,0,Organize
CE-001404,JL-0273,2025-12-18,Purchase,PRD-005,9.42,Connect
CE-001405,JL-0274,2025-08-18,Purchase,PRD-004,36.22,Rest
CE-001406,JL-0274,2025-09-26,Product View,PRD-002,0,Move
CE-001407,JL-0274,2025-09-13,Add To Cart,PRD-005,0,Connect
CE-001408,JL-0274,2026-04-30,Purchase,PRD-005,8.81,Connect
CE-001409,JL-0275,2025-12-30,Add To Cart,PRD-007,0,Organize
CE-001410,JL-0276,2025-08-18,Bundle Viewed,PRD-003,0,Nourish
CE-001411,JL-0276,2026-03-16,Product View,PRD-003,0,Nourish
CE-001412,JL-0276,2025-12-01,Purchase,PRD-008,45.63,Move
CE-001413,JL-0276,2026-02-26,Product View,PRD-008,0,Move
CE-001414,JL-0277,2025-11-21,Product View,PRD-008,0,Move
CE-001415,JL-0277,2026-05-07,Add To Cart,PRD-002,0,Move
CE-001416,JL-0277,2025-08-13,Add To Cart,PRD-008,0,Move
CE-001417,JL-0277,2025-07-17,Purchase,PRD-002,14.47,Move
CE-001418,JL-0277,2026-02-19,Bundle Viewed,PRD-005,0,Connect
CE-001419,JL-0277,2025-07-14,Add To Cart,PRD-005,0,Connect
CE-001420,JL-0277,2025-12-19,Bundle Viewed,PRD-005,0,Connect
CE-001421,JL-0278,2025-06-13,Bundle Viewed,PRD-001,0,Organize
CE-001422,JL-0278,2025-12-06,Purchase,PRD-008,45.74,Move
CE-001423,JL-0279,2025-10-28,Purchase,PRD-001,19.66,Organize
CE-001424,JL-0279,2026-04-26,Bundle Viewed,PRD-007,0,Organize
CE-001425,JL-0279,2025-07-07,Add To Cart,PRD-001,0,Organize
CE-001426,JL-0279,2026-03-11,Bundle Viewed,PRD-001,0,Organize
CE-001427,JL-0279,2026-05-12,Add To Cart,PRD-005,0,Connect
CE-001428,JL-0279,2026-02-25,Add To Cart,PRD-007,0,Organize
CE-001429,JL-0279,2025-09-04,Product View,PRD-006,0,Mindful
CE-001430,JL-0279,2026-04-30,Bundle Viewed,PRD-007,0,Organize
CE-001431,JL-0279,2025-08-30,Purchase,PRD-004,37.99,Rest
CE-001432,JL-0279,2026-04-19,Purchase,PRD-008,35.41,Move
CE-001433,JL-0279,2026-04-07,Purchase,PRD-007,40.35,Organize
CE-001434,JL-0280,2025-10-09,Purchase,PRD-001,18.33,Organize
CE-001435,JL-0280,2026-03-04,Product View,PRD-007,0,Organize
CE-001436,JL-0280,2026-05-22,Purchase,PRD-007,39.52,Organize
CE-001437,JL-0280,2026-05-07,Purchase,PRD-004,35.61,Rest
CE-001438,JL-0280,2026-05-14,Product View,PRD-004,0,Rest
CE-001439,JL-0280,2025-07-27,Add To Cart,PRD-008,0,Move
CE-001440,JL-0280,2026-02-04,Purchase,PRD-007,45.63,Organize
CE-001441,JL-0280,2025-07-24,Purchase,PRD-004,41.49,Rest
CE-001442,JL-0281,2025-12-31,Add To Cart,PRD-005,0,Connect
CE-001443,JL-0281,2026-01-05,Add To Cart,PRD-005,0,Connect
CE-001444,JL-0281,2025-12-20,Product View,PRD-004,0,Rest
CE-001445,JL-0281,2025-07-10,Purchase,PRD-004,39.2,Rest
CE-001446,JL-0282,2025-06-15,Add To Cart,PRD-008,0,Move
CE-001447,JL-0282,2025-10-04,Bundle Viewed,PRD-001,0,Organize
CE-001448,JL-0283,2025-10-16,Purchase,PRD-008,36.23,Move
CE-001449,JL-0283,2025-10-15,Purchase,PRD-005,8.22,Connect
CE-001450,JL-0283,2026-01-17,Purchase,PRD-005,8.52,Connect
CE-001451,JL-0283,2026-03-20,Purchase,PRD-002,17.89,Move
CE-001452,JL-0283,2025-06-19,Product View,PRD-002,0,Move
CE-001453,JL-0283,2025-12-12,Bundle Viewed,PRD-005,0,Connect
CE-001454,JL-0283,2025-10-08,Bundle Viewed,PRD-008,0,Move
CE-001455,JL-0283,2026-01-04,Product View,PRD-003,0,Nourish
CE-001456,JL-0284,2025-06-20,Product View,PRD-005,0,Connect
CE-001457,JL-0284,2025-09-13,Bundle Viewed,PRD-007,0,Organize
CE-001458,JL-0284,2026-01-01,Product View,PRD-005,0,Connect
CE-001459,JL-0284,2025-08-12,Bundle Viewed,PRD-007,0,Organize
CE-001460,JL-0284,2025-08-21,Purchase,PRD-005,8.04,Connect
CE-001461,JL-0285,2025-07-02,Bundle Viewed,PRD-006,0,Mindful
CE-001462,JL-0285,2026-01-26,Purchase,PRD-004,40.78,Rest
CE-001463,JL-0285,2025-12-22,Product View,PRD-005,0,Connect
CE-001464,JL-0285,2026-04-25,Purchase,PRD-004,40.16,Rest
CE-001465,JL-0285,2025-08-29,Product View,PRD-006,0,Mindful
CE-001466,JL-0285,2026-06-06,Product View,PRD-002,0,Move
CE-001467,JL-0285,2026-03-30,Add To Cart,PRD-004,0,Rest
CE-001468,JL-0285,2026-04-21,Product View,PRD-004,0,Rest
CE-001469,JL-0286,2026-02-03,Product View,PRD-007,0,Organize
CE-001470,JL-0286,2025-11-21,Product View,PRD-002,0,Move
CE-001471,JL-0286,2026-01-23,Return,PRD-008,-38,Move
CE-001472,JL-0287,2025-08-09,Product View,PRD-008,0,Move
CE-001473,JL-0287,2026-04-10,Product View,PRD-003,0,Nourish
CE-001474,JL-0287,2026-03-14,Purchase,PRD-008,39.7,Move
CE-001475,JL-0287,2026-01-30,Purchase,PRD-003,27.53,Nourish
CE-001476,JL-0287,2026-01-26,Purchase,PRD-008,35.94,Move
CE-001477,JL-0287,2025-10-15,Add To Cart,PRD-005,0,Connect
CE-001478,JL-0287,2025-12-09,Product View,PRD-002,0,Move
CE-001479,JL-0287,2026-01-04,Purchase,PRD-004,30.81,Rest
CE-001480,JL-0288,2026-01-18,Purchase,PRD-004,35.49,Rest
CE-001481,JL-0288,2025-07-31,Bundle Viewed,PRD-008,0,Move
CE-001482,JL-0288,2025-11-29,Purchase,PRD-002,14.95,Move
CE-001483,JL-0288,2026-02-01,Purchase,PRD-004,41.88,Rest
CE-001484,JL-0288,2026-04-01,Product View,PRD-002,0,Move
CE-001485,JL-0288,2026-05-31,Bundle Viewed,PRD-004,0,Rest
CE-001486,JL-0288,2026-01-04,Product View,PRD-004,0,Rest
CE-001487,JL-0288,2025-07-11,Add To Cart,PRD-004,0,Rest
CE-001488,JL-0288,2025-08-07,Purchase,PRD-004,41.83,Rest
CE-001489,JL-0288,2025-06-21,Add To Cart,PRD-004,0,Rest
CE-001490,JL-0289,2026-03-13,Add To Cart,PRD-007,0,Organize
CE-001491,JL-0289,2026-03-04,Purchase,PRD-007,51.48,Organize
CE-001492,JL-0289,2026-01-07,Bundle Viewed,PRD-007,0,Organize
CE-001493,JL-0289,2025-09-08,Product View,PRD-001,0,Organize
CE-001494,JL-0290,2025-09-10,Product View,PRD-007,0,Organize
CE-001495,JL-0290,2025-12-02,Bundle Viewed,PRD-003,0,Nourish
CE-001496,JL-0290,2025-12-03,Product View,PRD-005,0,Connect
CE-001497,JL-0290,2025-07-09,Product View,PRD-007,0,Organize
CE-001498,JL-0290,2025-08-29,Product View,PRD-001,0,Organize
CE-001499,JL-0290,2026-01-07,Bundle Viewed,PRD-001,0,Organize
CE-001500,JL-0290,2026-06-04,Bundle Viewed,PRD-005,0,Connect
CE-001501,JL-0291,2026-05-31,Return,PRD-006,-12,Mindful
CE-001502,JL-0291,2026-05-26,Product View,PRD-002,0,Move
CE-001503,JL-0291,2026-05-22,Product View,PRD-006,0,Mindful
CE-001504,JL-0291,2026-02-25,Product View,PRD-002,0,Move
CE-001505,JL-0291,2025-11-08,Purchase,PRD-008,46.52,Move
CE-001506,JL-0291,2025-07-23,Bundle Viewed,PRD-004,0,Rest
CE-001507,JL-0292,2025-07-01,Product View,PRD-003,0,Nourish
CE-001508,JL-0292,2026-03-12,Purchase,PRD-004,34.58,Rest
CE-001509,JL-0292,2026-04-03,Product View,PRD-003,0,Nourish
CE-001510,JL-0292,2025-10-15,Product View,PRD-002,0,Move
CE-001511,JL-0292,2026-01-22,Purchase,PRD-002,19.84,Move
CE-001512,JL-0292,2026-02-25,Purchase,PRD-004,31.28,Rest
CE-001513,JL-0293,2026-02-09,Add To Cart,PRD-003,0,Nourish
CE-001514,JL-0293,2026-05-01,Purchase,PRD-003,22.46,Nourish
CE-001515,JL-0293,2026-02-06,Purchase,PRD-008,45.14,Move
CE-001516,JL-0293,2026-03-19,Purchase,PRD-006,12.27,Mindful
CE-001517,JL-0293,2025-07-19,Add To Cart,PRD-006,0,Mindful
CE-001518,JL-0293,2026-05-03,Purchase,PRD-004,31.79,Rest
CE-001519,JL-0294,2026-05-02,Bundle Viewed,PRD-007,0,Organize
CE-001520,JL-0294,2025-06-21,Purchase,PRD-007,49.34,Organize
CE-001521,JL-0294,2025-08-30,Product View,PRD-003,0,Nourish
CE-001522,JL-0294,2025-07-25,Product View,PRD-008,0,Move
CE-001523,JL-0294,2026-02-13,Bundle Viewed,PRD-003,0,Nourish
CE-001524,JL-0294,2025-09-25,Product View,PRD-003,0,Nourish
CE-001525,JL-0294,2025-12-13,Purchase,PRD-005,8.51,Connect
CE-001526,JL-0295,2025-08-05,Product View,PRD-003,0,Nourish
CE-001527,JL-0295,2026-03-03,Purchase,PRD-003,29.14,Nourish
CE-001528,JL-0295,2026-03-07,Product View,PRD-003,0,Nourish
CE-001529,JL-0295,2025-11-06,Purchase,PRD-003,22.09,Nourish
CE-001530,JL-0295,2026-03-21,Purchase,PRD-006,12.71,Mindful
CE-001531,JL-0295,2025-10-29,Purchase,PRD-007,43.37,Organize
CE-001532,JL-0296,2025-09-14,Bundle Viewed,PRD-003,0,Nourish
CE-001533,JL-0296,2026-02-06,Product View,PRD-003,0,Nourish
CE-001534,JL-0296,2026-01-13,Add To Cart,PRD-004,0,Rest
CE-001535,JL-0296,2026-05-28,Product View,PRD-002,0,Move
CE-001536,JL-0296,2026-04-03,Product View,PRD-004,0,Rest
CE-001537,JL-0296,2026-03-12,Bundle Viewed,PRD-004,0,Rest
CE-001538,JL-0296,2026-05-16,Add To Cart,PRD-003,0,Nourish
CE-001539,JL-0296,2025-07-23,Bundle Viewed,PRD-003,0,Nourish
CE-001540,JL-0296,2025-09-29,Product View,PRD-003,0,Nourish
CE-001541,JL-0296,2026-05-10,Bundle Viewed,PRD-001,0,Organize
CE-001542,JL-0297,2026-03-08,Bundle Viewed,PRD-001,0,Organize
CE-001543,JL-0297,2025-10-16,Add To Cart,PRD-005,0,Connect
CE-001544,JL-0297,2025-09-21,Product View,PRD-006,0,Mindful
CE-001545,JL-0297,2026-05-11,Add To Cart,PRD-002,0,Move
CE-001546,JL-0297,2025-07-07,Product View,PRD-006,0,Mindful
CE-001547,JL-0297,2026-01-24,Add To Cart,PRD-004,0,Rest
CE-001548,JL-0298,2026-02-02,Bundle Viewed,PRD-003,0,Nourish
CE-001549,JL-0298,2026-04-06,Bundle Viewed,PRD-008,0,Move
CE-001550,JL-0299,2025-10-05,Add To Cart,PRD-002,0,Move
CE-001551,JL-0299,2026-02-02,Product View,PRD-008,0,Move
CE-001552,JL-0299,2026-01-12,Add To Cart,PRD-008,0,Move
CE-001553,JL-0299,2026-05-16,Purchase,PRD-004,31.79,Rest
CE-001554,JL-0299,2026-05-21,Add To Cart,PRD-008,0,Move
CE-001555,JL-0299,2026-01-12,Product View,PRD-003,0,Nourish
CE-001556,JL-0299,2025-09-26,Add To Cart,PRD-008,0,Move
CE-001557,JL-0299,2025-09-07,Purchase,PRD-002,15.65,Move
CE-001558,JL-0300,2025-11-03,Product View,PRD-006,0,Mindful
CE-001559,JL-0300,2025-10-28,Product View,PRD-003,0,Nourish
CE-001560,JL-0300,2026-01-21,Product View,PRD-003,0,Nourish
CE-001561,JL-0300,2025-11-05,Add To Cart,PRD-005,0,Connect
CE-001562,JL-0300,2026-01-31,Add To Cart,PRD-005,0,Connect
CE-001563,JL-0300,2026-06-06,Bundle Viewed,PRD-006,0,Mindful
CE-001564,JL-0300,2025-11-22,Bundle Viewed,PRD-007,0,Organize
